seller_key,total_orders_shipped,avg_shipping_delay_days,late_dispatched_orders
2700,1,167,1
959,3,44.6666666666667,1
1746,1,35,1
1646,1,33,1
2293,2,23.5,2
794,5,23,3
2712,4,22.75,1
1080,1,22,1
2854,3,21.6666666666667,1
1962,2,21,1
1891,4,20,1
2799,8,19.875,1
2341,2,19.5,1
1508,5,19.4,1
1405,4,19,1
1358,4,18,1
2885,7,17.7142857142857,2
496,1,17,1
2469,12,16.5833333333333,4
1330,1,16,1
1233,1,16,1
1273,2,16,2
2417,1,16,1
1145,7,14.2857142857143,1
1906,1,14,1
2454,1,14,1
2372,11,13.5454545454545,5
1742,2,13.5,1
1658,3,13.3333333333333,1
274,10,13.2,1
395,1,13,1
2639,1,13,1
592,3,12.6666666666667,1
1735,3,12.3333333333333,2
1897,1,12,1
668,2,12,1
1524,5,11.6,1
493,52,11.2115384615385,13
1393,6,10.6666666666667,2
1478,1,10,1
60,21,10,6
2616,2,10,2
1214,6,9.83333333333333,4
1111,7,9.42857142857143,3
460,12,9.41666666666667,5
1937,1,9,1
47,3,8.66666666666667,1
393,2,8.5,1
1033,81,8.11111111111111,24
1829,9,8,4
2166,4,8,1
1532,1,8,1
2539,1,8,1
2929,8,7.625,2
2315,2,7.5,1
1721,5,7.4,2
1768,3,7.33333333333333,1
780,4,7.25,1
1789,11,7.09090909090909,3
2122,11,7.09090909090909,3
2000,3,7,1
1216,1,7,1
982,1,7,1
315,1,7,1
2798,3,7,1
1605,18,6.72222222222222,5
580,9,6.66666666666667,4
513,4,6.5,1
2751,2,6.5,1
2993,5,6.4,1
426,3,6.33333333333333,1
170,3,6.33333333333333,1
2459,76,6.13157894736842,14
734,1,6,1
1921,1,6,1
2331,1,6,1
1399,5,5.8,1
1652,16,5.6875,3
1460,6,5.66666666666667,2
1447,11,5.54545454545455,2
1200,6,5.5,3
895,2,5.5,1
590,2,5.5,1
418,9,5.44444444444444,2
2905,22,5.40909090909091,3
1814,7,5.28571428571429,1
1367,4,5.25,2
1567,20,5.15,6
2137,18,5.05555555555556,9
2273,3,5,2
2358,9,5,1
1584,1,5,1
368,1,5,1
163,4,5,1
1069,3,5,1
731,3,4.66666666666667,1
2082,12,4.66666666666667,1
1316,5,4.6,1
112,4,4.5,2
347,12,4.5,1
1729,24,4.41666666666667,2
2429,42,4.38095238095238,3
1935,3,4.33333333333333,1
723,3,4.33333333333333,1
1000,3,4.33333333333333,1
1715,7,4.28571428571429,2
2607,4,4.25,1
2090,46,4.21739130434783,3
2446,10,4.2,3
1388,79,4.18987341772152,16
603,32,4.125,1
1733,27,4.07407407407407,2
1807,35,4.05714285714286,3
1696,6,4,2
2271,1,4,1
2275,1,4,1
941,3,4,1
1176,13,4,3
467,1,4,1
294,3,4,1
2880,1,4,1
2802,2,4,1
2853,1,4,1
2565,9,3.88888888888889,3
1356,9,3.88888888888889,2
3053,4,3.75,1
2797,17,3.70588235294118,1
1848,13,3.69230769230769,5
2055,3,3.66666666666667,1
2769,3,3.66666666666667,2
2621,33,3.54545454545455,5
1890,2,3.5,1
2093,44,3.43181818181818,12
3054,3,3.33333333333333,2
2878,47,3.29787234042553,15
943,23,3.26086956521739,5
135,8,3.25,2
2216,9,3.22222222222222,2
1425,12,3.16666666666667,1
2857,20,3.05,4
2856,4,3,1
2966,1,3,1
1693,2,3,1
2178,5,3,1
2179,3,3,1
1909,5,3,1
1859,1,3,1
296,1,3,1
551,18,3,1
1044,2,3,1
1117,7,3,2
2154,16,2.9375,2
143,72,2.93055555555556,9
773,8,2.875,2
1610,44,2.81818181818182,4
1612,5,2.8,1
33,14,2.78571428571429,4
946,4,2.75,2
2674,4,2.75,2
1036,18,2.72222222222222,2
1899,175,2.69714285714286,15
1119,13,2.69230769230769,3
779,21,2.66666666666667,1
2016,21,2.66666666666667,1
2378,17,2.64705882352941,5
123,17,2.64705882352941,3
403,14,2.64285714285714,2
1869,49,2.63265306122449,3
2991,24,2.625,7
1706,29,2.62068965517241,2
46,13,2.61538461538462,3
2057,98,2.60204081632653,9
1130,17,2.58823529411765,4
236,9,2.55555555555556,3
1640,9,2.55555555555556,2
2133,24,2.54166666666667,6
2112,6,2.5,1
1745,2,2.5,1
1490,2,2.5,1
41,2,2.5,1
34,16,2.5,5
1139,2,2.5,1
634,6,2.5,1
2988,2,2.5,1
528,126,2.45238095238095,19
1165,9,2.44444444444444,2
2547,98,2.40816326530612,14
61,65,2.38461538461538,7
2914,16,2.375,2
1526,19,2.36842105263158,2
275,11,2.36363636363636,1
3029,11,2.36363636363636,2
2488,12,2.33333333333333,2
1021,9,2.33333333333333,3
961,12,2.33333333333333,1
1764,3,2.33333333333333,1
1481,6,2.33333333333333,1
335,37,2.32432432432432,4
2415,16,2.3125,2
2863,16,2.3125,2
2677,35,2.28571428571429,6
2161,7,2.28571428571429,1
2188,16,2.25,2
2040,76,2.25,3
282,4,2.25,2
376,18,2.22222222222222,1
219,14,2.21428571428571,3
1602,28,2.21428571428571,8
43,5,2.2,1
915,26,2.19230769230769,3
1707,144,2.1875,16
2183,11,2.18181818181818,2
2253,11,2.18181818181818,1
154,39,2.17948717948718,6
514,6,2.16666666666667,1
1235,13,2.15384615384615,2
2075,50,2.1,8
2380,11,2.09090909090909,1
887,29,2.06896551724138,4
685,15,2.06666666666667,4
2699,23,2.04347826086957,1
2540,1,2,1
2850,6,2,1
2978,3,2,1
681,11,2,2
965,6,2,1
1038,2,2,1
507,7,2,1
498,18,2,4
391,11,2,2
232,1,2,1
246,1,2,1
102,4,2,1
1922,6,2,1
1725,11,2,1
1617,7,2,1
1643,2,2,1
1533,2,2,1
2005,98,1.97959183673469,21
1296,127,1.96850393700787,10
2807,24,1.95833333333333,3
1390,22,1.95454545454545,3
3086,20,1.95,4
242,38,1.94736842105263,4
2177,93,1.93548387096774,13
2281,12,1.91666666666667,2
2852,87,1.89655172413793,3
1563,98,1.87755102040816,6
2098,89,1.84269662921348,12
3071,6,1.83333333333333,1
1775,47,1.82978723404255,5
2767,245,1.81632653061224,39
589,30,1.8,4
3093,14,1.78571428571429,2
2435,9,1.77777777777778,2
1181,64,1.765625,11
671,20,1.75,2
256,8,1.75,1
346,4,1.75,1
534,8,1.75,1
1868,12,1.75,2
2233,8,1.75,1
1591,415,1.74698795180723,60
1258,31,1.74193548387097,6
1487,33,1.72727272727273,3
2711,28,1.71428571428571,4
1024,17,1.70588235294118,2
1670,261,1.69348659003831,44
1261,78,1.69230769230769,4
19,38,1.68421052631579,4
2950,79,1.68354430379747,9
2893,43,1.67441860465116,9
2299,64,1.671875,15
2338,3,1.66666666666667,1
2360,12,1.66666666666667,3
2247,9,1.66666666666667,1
343,3,1.66666666666667,1
358,21,1.66666666666667,5
740,6,1.66666666666667,1
861,3,1.66666666666667,1
2754,12,1.66666666666667,3
1179,53,1.66037735849057,10
2567,34,1.64705882352941,4
2392,11,1.63636363636364,1
760,37,1.62162162162162,7
2626,29,1.62068965517241,4
777,21,1.61904761904762,2
1046,15,1.6,2
1619,5,1.6,1
1637,10,1.6,2
963,64,1.59375,7
1222,17,1.58823529411765,1
1354,31,1.58064516129032,6
208,78,1.57692307692308,11
1573,14,1.57142857142857,3
1550,7,1.57142857142857,2
250,25,1.56,3
1259,11,1.54545454545455,1
1748,92,1.54347826086957,11
1582,26,1.53846153846154,2
709,37,1.51351351351351,6
350,95,1.50526315789474,8
1055,2,1.5,1
998,2,1.5,1
1188,16,1.5,2
1614,44,1.5,7
1434,4,1.5,1
2559,10,1.5,2
2471,16,1.5,2
2952,6,1.5,1
82,397,1.49370277078086,75
1615,49,1.48979591836735,13
821,94,1.47872340425532,12
2698,28,1.46428571428571,2
2675,41,1.46341463414634,4
366,60,1.45,7
1290,35,1.42857142857143,3
1337,19,1.42105263157895,2
1648,19,1.42105263157895,2
2001,19,1.42105263157895,4
2498,126,1.42063492063492,19
2308,36,1.41666666666667,2
2817,34,1.41176470588235,5
388,44,1.40909090909091,5
2278,87,1.40229885057471,6
2291,5,1.4,1
1860,5,1.4,1
1432,5,1.4,1
52,51,1.3921568627451,6
2510,78,1.38461538461538,7
2832,50,1.38,9
2995,220,1.37727272727273,30
54,16,1.375,1
167,163,1.3680981595092,17
1638,315,1.36507936507937,39
1523,11,1.36363636363636,1
2025,134,1.35074626865672,15
3002,90,1.34444444444444,9
805,120,1.34166666666667,16
1162,3,1.33333333333333,1
1113,12,1.33333333333333,3
108,6,1.33333333333333,2
1496,3,1.33333333333333,1
1329,6,1.33333333333333,1
3010,21,1.33333333333333,3
2811,9,1.33333333333333,1
2861,36,1.33333333333333,6
2129,55,1.32727272727273,8
125,51,1.31372549019608,3
2140,110,1.30909090909091,13
1110,13,1.30769230769231,3
178,43,1.30232558139535,6
72,60,1.3,9
1109,10,1.3,1
1898,17,1.29411764705882,3
2361,247,1.2914979757085,25
1541,566,1.28975265017668,64
1485,7,1.28571428571429,1
2400,14,1.28571428571429,1
2196,14,1.28571428571429,1
2066,7,1.28571428571429,2
985,7,1.28571428571429,1
300,14,1.28571428571429,1
1303,36,1.27777777777778,3
87,33,1.27272727272727,4
7,15,1.26666666666667,2
1793,15,1.26666666666667,3
2297,15,1.26666666666667,2
427,23,1.26086956521739,2
855,145,1.2551724137931,10
1071,8,1.25,2
345,4,1.25,1
473,8,1.25,1
226,4,1.25,2
2108,4,1.25,1
1734,4,1.25,1
1268,16,1.25,1
2736,16,1.25,2
2496,12,1.25,1
1678,95,1.23157894736842,12
1472,26,1.23076923076923,3
2282,13,1.23076923076923,1
1757,153,1.22875816993464,19
1895,9,1.22222222222222,1
44,9,1.22222222222222,1
1164,9,1.22222222222222,2
4,55,1.21818181818182,9
936,46,1.21739130434783,2
1122,38,1.21052631578947,4
1456,59,1.20338983050847,5
1275,5,1.2,1
1744,5,1.2,1
2603,10,1.2,1
3017,5,1.2,2
158,193,1.19170984455959,9
2884,84,1.19047619047619,3
2780,63,1.19047619047619,7
3065,297,1.18518518518519,26
2478,166,1.17469879518072,14
248,23,1.17391304347826,2
2601,29,1.17241379310345,3
2888,130,1.16923076923077,10
2975,18,1.16666666666667,1
2784,12,1.16666666666667,3
247,249,1.16465863453815,16
2258,69,1.15942028985507,11
2587,34,1.14705882352941,3
2393,41,1.14634146341463,6
638,7,1.14285714285714,1
2453,14,1.14285714285714,2
962,22,1.13636363636364,1
2768,121,1.13223140495868,9
2826,131,1.12977099236641,13
2490,187,1.1283422459893,12
299,8,1.125,2
2171,158,1.12025316455696,20
1685,17,1.11764705882353,3
2534,9,1.11111111111111,1
2630,54,1.11111111111111,3
2921,9,1.11111111111111,1
2727,55,1.10909090909091,4
495,55,1.10909090909091,8
1304,19,1.10526315789474,1
1998,67,1.1044776119403,5
1056,48,1.10416666666667,4
79,68,1.10294117647059,2
696,30,1.1,3
1812,10,1.1,2
2970,20,1.1,3
1536,1012,1.09683794466403,90
1449,62,1.09677419354839,7
1007,21,1.0952380952381,2
1443,54,1.09259259259259,2
2176,11,1.09090909090909,2
27,11,1.09090909090909,2
70,66,1.09090909090909,3
2663,55,1.09090909090909,3
1510,222,1.08558558558559,25
458,36,1.08333333333333,3
1359,13,1.07692307692308,2
2647,40,1.075,3
2155,153,1.0718954248366,17
2276,14,1.07142857142857,2
1415,98,1.07142857142857,9
1223,120,1.06666666666667,5
402,397,1.05541561712846,33
2515,39,1.05128205128205,5
1681,333,1.04804804804805,33
882,1889,1.04182106934886,176
700,26,1.03846153846154,4
2916,29,1.03448275862069,3
2898,31,1.03225806451613,1
1215,268,1.02611940298507,25
581,43,1.02325581395349,2
2503,65,1.01538461538462,5
1274,75,1.01333333333333,6
1034,201,1.00497512437811,15
1067,8,1,1
970,52,1,7
1187,3,1,1
749,6,1,1
623,3,1,1
646,14,1,1
436,2,1,1
53,11,1,2
131,14,1,1
254,17,1,1
171,6,1,1
195,3,1,1
1295,26,1,2
1387,8,1,1
1730,2,1,1
1665,8,1,1
2264,12,1,2
2394,1,1,1
2287,4,1,1
1913,10,1,1
1908,7,1,1
2468,51,1,2
2721,9,1,2
2635,11,1,2
2895,1,1,1
3013,16,1,1
2774,28,1,2
2859,12,1,1
2860,2,1,1
2845,11,1,3
3059,48,1,3
1468,334,0.997005988023952,30
2596,81,0.987654320987654,6
3025,586,0.984641638225256,53
2872,168,0.982142857142857,12
1553,334,0.982035928143713,27
2679,124,0.975806451612903,16
2997,72,0.972222222222222,5
2918,36,0.972222222222222,3
712,32,0.96875,1
1092,127,0.968503937007874,14
499,30,0.966666666666667,2
48,94,0.957446808510638,7
400,22,0.954545454545455,3
858,1143,0.954505686789151,118
1124,63,0.952380952380952,4
1385,36,0.944444444444444,7
2891,327,0.938837920489297,26
1590,16,0.9375,2
1556,159,0.937106918238994,18
2557,15,0.933333333333333,1
240,29,0.931034482758621,1
1847,85,0.929411764705882,9
17,14,0.928571428571429,2
465,28,0.928571428571429,5
883,68,0.926470588235294,4
1143,94,0.925531914893617,8
369,1473,0.925322471147318,128
1656,49,0.918367346938776,2
2127,84,0.916666666666667,8
772,45,0.911111111111111,5
2971,119,0.907563025210084,8
470,32,0.90625,3
2231,85,0.905882352941176,10
2029,51,0.901960784313726,6
1513,170,0.9,20
310,20,0.9,3
1199,753,0.895086321381142,63
285,494,0.894736842105263,48
281,255,0.890196078431372,19
2131,44,0.886363636363636,5
10,138,0.884057971014493,10
88,17,0.882352941176471,4
2983,17,0.882352941176471,1
2704,34,0.882352941176471,2
1713,49,0.877551020408163,7
55,23,0.869565217391304,1
892,23,0.869565217391304,1
894,220,0.868181818181818,13
647,233,0.866952789699571,19
539,45,0.866666666666667,4
164,52,0.865384615384615,6
1362,44,0.863636363636364,4
419,29,0.862068965517241,3
579,7,0.857142857142857,1
1639,427,0.857142857142857,32
1170,69,0.855072463768116,4
1545,179,0.854748603351955,16
188,34,0.852941176470588,4
1559,93,0.849462365591398,6
334,125,0.848,19
555,203,0.847290640394089,21
3056,72,0.847222222222222,7
2486,763,0.834862385321101,35
2428,30,0.833333333333333,4
349,12,0.833333333333333,1
828,6,0.833333333333333,2
1373,12,0.833333333333333,2
1875,66,0.833333333333333,7
1959,12,0.833333333333333,2
1709,950,0.832631578947368,81
1364,35,0.828571428571429,4
2449,128,0.828125,10
1336,58,0.827586206896552,4
909,261,0.827586206896552,24
3052,17,0.823529411764706,2
2732,39,0.82051282051282,5
1105,39,0.82051282051282,1
713,155,0.819354838709677,9
584,11,0.818181818181818,1
1284,98,0.816326530612245,14
2044,54,0.814814814814815,5
2577,70,0.814285714285714,3
1116,16,0.8125,1
1219,37,0.810810810810811,2
80,47,0.808510638297872,1
1772,88,0.806818181818182,12
2180,40,0.8,2
2272,5,0.8,1
122,5,0.8,1
57,10,0.8,1
2527,80,0.8,5
65,63,0.793650793650794,5
1564,24,0.791666666666667,3
1561,338,0.789940828402367,15
2764,71,0.788732394366197,6
258,402,0.786069651741294,32
1375,315,0.784126984126984,29
231,23,0.782608695652174,2
2958,188,0.781914893617021,13
1635,32,0.78125,5
669,547,0.780621572212066,45
2864,104,0.778846153846154,9
2976,9,0.777777777777778,1
98,9,0.777777777777778,1
1932,9,0.777777777777778,1
2992,62,0.774193548387097,3
37,44,0.772727272727273,3
1458,17,0.764705882352941,2
301,25,0.76,2
64,12,0.75,1
255,8,0.75,2
935,4,0.75,1
1946,16,0.75,3
2403,59,0.745762711864407,2
420,23,0.739130434782609,3
1392,328,0.73780487804878,23
990,174,0.735632183908046,15
2381,15,0.733333333333333,2
1293,26,0.730769230769231,2
2644,1438,0.729485396383866,93
2819,660,0.728787878787879,39
1717,11,0.727272727272727,1
1926,22,0.727272727272727,1
1396,62,0.725806451612903,5
78,62,0.725806451612903,4
2960,83,0.72289156626506,9
691,18,0.722222222222222,1
1517,97,0.721649484536082,4
2,201,0.721393034825871,12
3003,92,0.717391304347826,9
2586,7,0.714285714285714,1
483,28,0.714285714285714,4
913,7,0.714285714285714,1
1547,7,0.714285714285714,1
293,440,0.713636363636364,33
1831,177,0.711864406779661,6
330,145,0.710344827586207,5
519,31,0.709677419354839,2
416,72,0.708333333333333,6
2709,54,0.703703703703704,4
1017,74,0.702702702702703,8
1957,10,0.7,2
2402,10,0.7,1
1647,13,0.692307692307692,1
996,90,0.688888888888889,9
2493,45,0.688888888888889,2
535,16,0.6875,2
133,112,0.6875,6
2837,1169,0.686056458511548,99
3039,22,0.681818181818182,2
1519,22,0.681818181818182,3
138,25,0.68,2
1382,109,0.678899082568807,7
6,161,0.677018633540373,10
1025,485,0.670103092783505,23
1205,3,0.666666666666667,1
744,9,0.666666666666667,2
661,6,0.666666666666667,1
283,57,0.666666666666667,5
278,126,0.666666666666667,7
243,6,0.666666666666667,1
471,33,0.666666666666667,2
373,78,0.666666666666667,4
1343,9,0.666666666666667,1
1574,9,0.666666666666667,1
1629,12,0.666666666666667,1
1673,3,0.666666666666667,1
1989,256,0.6640625,11
221,74,0.662162162162162,6
2664,239,0.661087866108787,15
3027,333,0.657657657657658,17
2710,29,0.655172413793103,2
1747,107,0.654205607476635,6
1506,1166,0.653516295025729,60
2100,20,0.65,3
3094,60,0.65,7
2424,354,0.638418079096045,26
2195,11,0.636363636363636,1
2695,93,0.634408602150538,4
553,127,0.62992125984252,16
474,8,0.625,1
522,8,0.625,1
890,8,0.625,1
2113,16,0.625,2
2047,24,0.625,1
2794,24,0.625,2
2147,338,0.624260355029586,22
2936,93,0.623655913978495,8
1997,171,0.619883040935672,18
2313,197,0.619289340101523,10
948,420,0.619047619047619,37
642,13,0.615384615384615,2
618,78,0.615384615384615,9
698,109,0.614678899082569,7
503,164,0.609756097560976,4
1543,69,0.608695652173913,2
22,61,0.60655737704918,3
262,53,0.60377358490566,4
938,63,0.603174603174603,4
2823,218,0.600917431192661,16
1060,5,0.6,1
1073,30,0.6,4
160,40,0.6,4
840,59,0.593220338983051,3
2688,177,0.593220338983051,12
2821,22,0.590909090909091,1
2959,209,0.588516746411483,12
1365,80,0.5875,9
1993,138,0.58695652173913,12
1372,213,0.586854460093897,16
291,121,0.586776859504132,6
1679,29,0.586206896551724,2
421,41,0.585365853658537,5
110,12,0.583333333333333,1
910,48,0.583333333333333,5
1851,24,0.583333333333333,2
2535,12,0.583333333333333,2
193,953,0.581322140608604,73
3050,62,0.580645161290323,2
2509,19,0.578947368421053,1
1649,95,0.578947368421053,9
1054,175,0.577142857142857,11
750,40,0.575,4
2650,47,0.574468085106383,4
2928,54,0.574074074074074,4
3026,7,0.571428571428571,1
2563,28,0.571428571428571,1
1348,7,0.571428571428571,1
1239,7,0.571428571428571,2
2006,7,0.571428571428571,1
2672,109,0.568807339449541,6
2548,39,0.564102564102564,1
2628,55,0.563636363636364,3
1255,162,0.561728395061728,7
2812,41,0.560975609756098,3
189,25,0.56,1
348,43,0.558139534883721,1
433,165,0.557575757575758,7
338,9,0.555555555555556,1
105,18,0.555555555555556,2
724,9,0.555555555555556,1
635,36,0.555555555555556,1
1476,9,0.555555555555556,1
2344,9,0.555555555555556,1
2944,9,0.555555555555556,1
1606,103,0.553398058252427,6
1379,78,0.551282051282051,6
2543,225,0.551111111111111,15
2561,20,0.55,2
2810,31,0.548387096774194,3
796,104,0.548076923076923,8
2512,205,0.546341463414634,10
2834,33,0.545454545454545,1
896,11,0.545454545454545,1
261,11,0.545454545454545,1
2530,13,0.538461538461538,1
583,54,0.537037037037037,6
735,95,0.536842105263158,10
2321,28,0.535714285714286,3
844,527,0.535104364326376,29
2146,30,0.533333333333333,3
2138,107,0.532710280373832,13
2523,156,0.532051282051282,14
732,1125,0.531555555555556,61
316,113,0.530973451327434,5
2191,17,0.529411764705882,2
2255,17,0.529411764705882,1
1203,55,0.527272727272727,4
166,132,0.522727272727273,5
785,201,0.522388059701492,10
2589,23,0.521739130434783,1
2979,23,0.521739130434783,2
2793,29,0.517241379310345,2
442,159,0.515723270440252,11
549,167,0.514970059880239,10
1825,1290,0.509302325581395,77
152,165,0.509090909090909,10
76,55,0.509090909090909,2
156,65,0.507692307692308,3
572,89,0.50561797752809,3
543,10,0.5,2
462,2,0.5,1
341,40,0.5,3
81,4,0.5,1
771,8,0.5,1
807,46,0.5,4
711,30,0.5,1
664,28,0.5,1
1100,14,0.5,1
1191,10,0.5,1
1958,4,0.5,1
1924,2,0.5,1
1896,14,0.5,1
2080,8,0.5,1
2228,14,0.5,1
2347,14,0.5,1
1271,24,0.5,3
1300,82,0.5,3
1444,56,0.5,1
2808,8,0.5,1
2982,32,0.5,3
2933,192,0.5,14
200,35,0.485714285714286,4
2598,93,0.483870967741935,5
1592,29,0.482758620689655,1
812,102,0.480392156862745,7
1480,21,0.476190476190476,2
2097,17,0.470588235294118,2
1154,328,0.469512195121951,18
1102,15,0.466666666666667,1
90,15,0.466666666666667,1
1758,15,0.466666666666667,1
2592,60,0.466666666666667,3
1749,65,0.461538461538462,4
1052,13,0.461538461538462,1
2283,89,0.460674157303371,2
74,61,0.459016393442623,2
2269,24,0.458333333333333,2
1462,136,0.455882352941176,13
1939,398,0.454773869346734,16
1341,11,0.454545454545455,1
319,11,0.454545454545455,2
417,11,0.454545454545455,1
1418,31,0.451612903225806,1
1627,100,0.45,6
586,29,0.448275862068966,2
397,415,0.448192771084337,18
2064,130,0.446153846153846,5
2382,9,0.444444444444444,1
1822,9,0.444444444444444,1
1238,9,0.444444444444444,1
425,36,0.444444444444444,1
1808,68,0.441176470588235,3
323,84,0.44047619047619,5
3082,46,0.434782608695652,6
107,74,0.432432432432432,4
352,44,0.431818181818182,3
390,7,0.428571428571429,1
518,7,0.428571428571429,2
655,7,0.428571428571429,1
1587,7,0.428571428571429,1
1370,77,0.428571428571429,3
2384,7,0.428571428571429,2
2739,7,0.428571428571429,1
1955,726,0.428374655647383,35
1613,66,0.424242424242424,4
1994,26,0.423076923076923,1
2726,19,0.421052631578947,1
2801,19,0.421052631578947,1
608,43,0.418604651162791,1
1254,153,0.418300653594771,11
1850,12,0.416666666666667,1
806,12,0.416666666666667,1
2439,84,0.416666666666667,6
101,82,0.414634146341463,1
2627,174,0.413793103448276,4
2655,109,0.412844036697248,4
1662,17,0.411764705882353,1
201,39,0.41025641025641,2
1827,22,0.409090909090909,1
2903,22,0.409090909090909,1
1589,179,0.407821229050279,8
392,32,0.40625,3
26,242,0.40495867768595,11
2405,302,0.403973509933775,17
1728,67,0.402985074626866,4
1663,15,0.4,1
1347,30,0.4,2
265,5,0.4,1
284,5,0.4,1
802,20,0.4,1
676,5,0.4,2
667,5,0.4,1
991,5,0.4,1
1115,10,0.4,1
2957,5,0.4,1
2482,1720,0.397674418604651,87
907,63,0.396825396825397,4
2431,58,0.396551724137931,2
214,533,0.393996247654784,22
867,33,0.393939393939394,1
1849,33,0.393939393939394,1
1963,66,0.393939393939394,4
2310,117,0.393162393162393,6
398,159,0.389937106918239,10
736,18,0.388888888888889,1
1867,36,0.388888888888889,2
1236,1982,0.386478304742684,101
1413,342,0.385964912280702,14
1661,13,0.384615384615385,1
1873,52,0.384615384615385,6
2980,26,0.384615384615385,2
924,374,0.382352941176471,15
2962,110,0.381818181818182,6
353,284,0.380281690140845,13
468,29,0.379310344827586,2
1819,66,0.378787878787879,4
423,53,0.377358490566038,5
1137,32,0.375,3
1759,8,0.375,1
1489,24,0.375,2
1366,128,0.375,6
2073,48,0.375,2
2578,19,0.368421052631579,2
2623,19,0.368421052631579,1
2734,68,0.367647058823529,3
270,30,0.366666666666667,2
475,101,0.366336633663366,4
502,52,0.365384615384615,3
1206,22,0.363636363636364,1
739,55,0.363636363636364,5
1928,11,0.363636363636364,1
1409,11,0.363636363636364,1
1386,136,0.360294117647059,5
829,14,0.357142857142857,1
367,28,0.357142857142857,3
2499,31,0.354838709677419,2
1915,99,0.353535353535354,4
1310,17,0.352941176470588,1
2924,17,0.352941176470588,1
2963,20,0.35,1
548,20,0.35,3
1334,169,0.349112426035503,9
1736,212,0.349056603773585,13
2668,46,0.347826086956522,2
2212,26,0.346153846153846,2
1636,188,0.345744680851064,9
1886,174,0.344827586206897,7
1518,32,0.34375,3
819,41,0.341463414634146,2
1503,62,0.338709677419355,4
705,83,0.337349397590361,6
2549,567,0.335097001763668,27
2977,3,0.333333333333333,1
2796,6,0.333333333333333,1
3064,9,0.333333333333333,1
847,3,0.333333333333333,1
1121,27,0.333333333333333,1
585,6,0.333333333333333,2
1712,15,0.333333333333333,2
1797,3,0.333333333333333,1
1885,48,0.333333333333333,3
1964,9,0.333333333333333,1
2068,3,0.333333333333333,1
1973,6,0.333333333333333,1
2172,33,0.333333333333333,2
1014,358,0.332402234636872,12
2351,122,0.327868852459016,14
1414,49,0.326530612244898,2
2198,31,0.32258064516129,4
1185,118,0.322033898305085,2
1053,262,0.320610687022901,8
2881,25,0.32,2
575,22,0.318181818181818,1
1979,44,0.318181818181818,2
1568,22,0.318181818181818,2
1266,19,0.315789473684211,1
2846,19,0.315789473684211,1
1927,73,0.315068493150685,2
2070,89,0.314606741573034,6
2200,160,0.3125,5
2660,16,0.3125,1
3006,670,0.308955223880597,28
2492,26,0.307692307692308,1
2224,39,0.307692307692308,2
1112,13,0.307692307692308,2
2809,88,0.306818181818182,3
1020,163,0.306748466257669,6
148,173,0.30635838150289,6
446,108,0.305555555555556,3
1799,345,0.304347826086957,16
2908,69,0.304347826086957,7
1586,99,0.303030303030303,3
1450,43,0.302325581395349,2
733,43,0.302325581395349,1
852,210,0.3,10
810,20,0.3,1
504,10,0.3,2
151,30,0.3,1
2572,30,0.3,2
3001,10,0.3,1
1225,67,0.298507462686567,7
905,27,0.296296296296296,1
2160,44,0.295454545454545,2
2458,207,0.294685990338164,4
25,129,0.294573643410853,7
1551,41,0.292682926829268,2
1535,24,0.291666666666667,1
2111,24,0.291666666666667,1
1987,24,0.291666666666667,2
547,24,0.291666666666667,1
24,31,0.290322580645161,1
2194,63,0.285714285714286,4
1608,21,0.285714285714286,1
2965,21,0.285714285714286,2
1402,53,0.283018867924528,2
326,202,0.282178217821782,9
2702,78,0.282051282051282,1
1657,306,0.281045751633987,12
2657,414,0.280193236714976,10
2317,43,0.27906976744186,2
2354,122,0.278688524590164,5
2526,18,0.277777777777778,1
3040,18,0.277777777777778,1
2086,65,0.276923076923077,2
3090,29,0.275862068965517,1
2210,33,0.272727272727273,1
1766,22,0.272727272727273,1
1498,143,0.272727272727273,6
2690,342,0.271929824561404,12
2651,137,0.27007299270073,5
2223,63,0.26984126984127,2
1097,126,0.26984126984127,7
320,56,0.267857142857143,1
36,30,0.266666666666667,1
1086,45,0.266666666666667,1
2508,15,0.266666666666667,1
3000,120,0.266666666666667,6
2357,19,0.263157894736842,1
1572,38,0.263157894736842,1
682,23,0.260869565217391,2
659,46,0.260869565217391,3
119,27,0.259259259259259,1
11,109,0.256880733944954,4
1625,47,0.25531914893617,1
1837,71,0.253521126760563,2
2365,12,0.25,1
2259,16,0.25,2
1491,8,0.25,2
104,4,0.25,1
218,4,0.25,1
235,8,0.25,1
333,4,0.25,1
673,16,0.25,2
674,8,0.25,1
1126,4,0.25,1
1175,28,0.25,1
1146,32,0.25,1
954,8,0.25,1
2818,4,0.25,1
2775,4,0.25,1
2525,20,0.25,1
2432,4,0.25,1
2615,4,0.25,1
1755,78,0.243589743589744,3
1716,33,0.242424242424242,1
2153,33,0.242424242424242,1
2115,46,0.239130434782609,2
307,168,0.238095238095238,6
378,21,0.238095238095238,1
100,126,0.238095238095238,5
1654,181,0.237569060773481,4
2238,38,0.236842105263158,2
820,144,0.236111111111111,5
2551,17,0.235294117647059,1
653,273,0.234432234432234,7
2781,43,0.232558139534884,2
1920,13,0.230769230769231,1
180,48,0.229166666666667,1
1412,92,0.228260869565217,1
648,57,0.228070175438596,2
989,66,0.227272727272727,1
161,22,0.227272727272727,1
1398,203,0.226600985221675,7
1691,58,0.224137931034483,4
1505,18,0.222222222222222,1
2843,9,0.222222222222222,1
1463,64,0.21875,2
2018,55,0.218181818181818,1
508,23,0.217391304347826,1
486,14,0.214285714285714,1
934,14,0.214285714285714,1
830,42,0.214285714285714,3
1529,14,0.214285714285714,1
2438,14,0.214285714285714,1
1374,61,0.213114754098361,2
321,19,0.210526315789474,1
1114,34,0.205882352941176,2
1278,83,0.204819277108434,3
1315,5,0.2,1
1601,15,0.2,1
1813,5,0.2,1
1925,10,0.2,1
2130,10,0.2,1
932,5,0.2,1
945,85,0.2,3
947,10,0.2,1
609,105,0.2,2
443,50,0.2,2
598,5,0.2,1
71,5,0.2,1
49,90,0.2,2
2440,30,0.2,1
2605,5,0.2,1
2691,10,0.2,1
2870,15,0.2,1
2889,20,0.2,2
3060,35,0.2,1
851,71,0.197183098591549,1
2595,41,0.195121951219512,1
797,36,0.194444444444444,1
606,31,0.193548387096774,2
2735,31,0.193548387096774,3
650,26,0.192307692307692,3
874,63,0.19047619047619,3
2110,21,0.19047619047619,1
1581,21,0.19047619047619,1
411,127,0.188976377952756,2
2618,535,0.188785046728972,20
1355,212,0.188679245283019,9
906,48,0.1875,1
574,59,0.186440677966102,2
754,43,0.186046511627907,1
1066,27,0.185185185185185,1
2491,65,0.184615384615385,2
1842,38,0.184210526315789,1
169,87,0.183908045977011,1
266,11,0.181818181818182,1
560,11,0.181818181818182,1
415,33,0.181818181818182,1
1094,11,0.181818181818182,2
1051,22,0.181818181818182,1
2149,11,0.181818181818182,1
1743,11,0.181818181818182,1
1045,39,0.179487179487179,1
2399,45,0.177777777777778,2
2532,68,0.176470588235294,6
1624,40,0.175,2
2546,29,0.172413793103448,2
1141,152,0.171052631578947,3
1149,12,0.166666666666667,1
952,30,0.166666666666667,1
775,12,0.166666666666667,1
277,18,0.166666666666667,1
2211,24,0.166666666666667,1
2026,6,0.166666666666667,1
2588,6,0.166666666666667,1
2876,6,0.166666666666667,1
577,79,0.164556962025316,2
58,92,0.16304347826087,4
1883,43,0.162790697674419,1
2713,43,0.162790697674419,1
1641,510,0.162745098039216,11
2175,155,0.161290322580645,3
605,31,0.161290322580645,1
394,50,0.16,2
404,25,0.16,1
1698,100,0.16,2
2865,25,0.16,1
2828,19,0.157894736842105,1
2974,13,0.153846153846154,1
1531,13,0.153846153846154,1
1351,13,0.153846153846154,1
84,26,0.153846153846154,1
263,13,0.153846153846154,1
1597,73,0.150684931506849,3
1029,20,0.15,1
1603,69,0.144927536231884,1
2141,7,0.142857142857143,1
1048,7,0.142857142857143,1
1006,21,0.142857142857143,1
552,7,0.142857142857143,1
2941,7,0.142857142857143,1
3066,7,0.142857142857143,1
440,142,0.140845070422535,2
694,36,0.138888888888889,2
2483,36,0.138888888888889,1
3074,110,0.136363636363636,4
643,154,0.136363636363636,5
703,59,0.135593220338983,1
1257,37,0.135135135135135,1
1465,15,0.133333333333333,1
448,15,0.133333333333333,1
1172,46,0.130434782608696,2
1838,63,0.126984126984127,4
2028,16,0.125,1
2078,104,0.125,2
356,8,0.125,1
1328,154,0.123376623376623,2
2448,50,0.12,3
1467,134,0.119402985074627,4
1938,17,0.117647058823529,2
115,17,0.117647058823529,2
2896,51,0.117647058823529,1
3067,17,0.117647058823529,1
978,77,0.116883116883117,2
2990,26,0.115384615384615,1
478,114,0.114035087719298,2
217,135,0.111111111111111,1
1169,63,0.111111111111111,1
791,36,0.111111111111111,1
2274,45,0.111111111111111,1
2340,9,0.111111111111111,1
1404,9,0.111111111111111,1
1791,63,0.111111111111111,1
2521,9,0.111111111111111,1
657,46,0.108695652173913,1
273,28,0.107142857142857,1
2659,85,0.105882352941176,3
2560,19,0.105263157894737,1
2758,19,0.105263157894737,1
1841,86,0.104651162790698,2
1325,115,0.104347826086957,2
2730,202,0.103960396039604,3
2452,78,0.102564102564103,1
2063,108,0.101851851851852,3
2125,10,0.1,1
3080,94,0.0957446808510638,3
2244,42,0.0952380952380952,1
363,126,0.0952380952380952,4
327,21,0.0952380952380952,2
1931,74,0.0945945945945946,2
1833,53,0.0943396226415094,2
2266,11,0.0909090909090909,1
2421,11,0.0909090909090909,1
1420,22,0.0909090909090909,1
337,11,0.0909090909090909,1
901,11,0.0909090909090909,1
843,11,0.0909090909090909,1
1103,11,0.0909090909090909,1
1057,22,0.0909090909090909,1
3069,11,0.0909090909090909,1
1863,100,0.09,4
2987,45,0.0888888888888889,1
280,116,0.0862068965517241,1
1104,140,0.0857142857142857,5
199,118,0.0847457627118644,2
128,12,0.0833333333333333,1
620,24,0.0833333333333333,1
2214,12,0.0833333333333333,1
1302,12,0.0833333333333333,1
1719,109,0.0825688073394495,1
2994,49,0.0816326530612245,2
1088,37,0.0810810810810811,1
838,38,0.0789473684210526,2
2624,102,0.0784313725490196,3
2619,77,0.0779220779220779,1
3058,13,0.0769230769230769,1
497,53,0.0754716981132075,1
545,54,0.0740740740740741,1
2504,136,0.0735294117647059,2
1857,14,0.0714285714285714,1
1714,86,0.0697674418604651,2
1183,29,0.0689655172413793,1
215,15,0.0666666666666667,1
1832,30,0.0666666666666667,1
174,266,0.0639097744360902,2
286,64,0.0625,2
517,16,0.0625,1
1975,16,0.0625,1
228,49,0.0612244897959184,1
1134,98,0.0612244897959184,1
1992,34,0.0588235294117647,1
2329,17,0.0588235294117647,1
2475,68,0.0588235294117647,1
2643,17,0.0588235294117647,1
1862,18,0.0555555555555556,1
1917,74,0.0540540540540541,1
2174,19,0.0526315789473684,1
1297,19,0.0526315789473684,1
612,19,0.0526315789473684,1
1078,59,0.0508474576271186,1
1433,79,0.0506329113924051,1
1013,100,0.05,1
2531,80,0.05,1
880,21,0.0476190476190476,1
2152,45,0.0444444444444444,2
2219,45,0.0444444444444444,1
2401,45,0.0444444444444444,1
727,23,0.0434782608695652,1
2366,280,0.0428571428571429,4
1840,75,0.04,2
2511,25,0.04,1
2804,26,0.0384615384615385,1
2426,26,0.0384615384615385,1
1695,135,0.037037037037037,4
354,27,0.037037037037037,1
292,31,0.032258064516129,1
202,62,0.032258064516129,2
1227,32,0.03125,1
149,137,0.0291970802919708,1
2307,35,0.0285714285714286,1
596,36,0.0277777777777778,1
2541,41,0.024390243902439,1
1319,55,0.0181818181818182,1
1189,107,0.00934579439252336,1
1190,2,0,0
1184,5,0,0
1186,2,0,0
1173,1,0,0
1174,3,0,0
1177,10,0,0
1178,8,0,0
1180,3,0,0
1182,17,0,0
1207,14,0,0
1208,2,0,0
1209,1,0,0
1210,2,0,0
1211,1,0,0
1212,2,0,0
1213,38,0,0
1192,2,0,0
1193,2,0,0
1194,2,0,0
1195,4,0,0
1196,1,0,0
1197,1,0,0
1198,3,0,0
1171,10,0,0
1166,10,0,0
1167,5,0,0
1168,4,0,0
1150,1,0,0
1151,1,0,0
1152,5,0,0
1153,1,0,0
1144,1,0,0
1163,2,0,0
1142,3,0,0
1140,36,0,0
1147,2,0,0
1148,6,0,0
1155,2,0,0
1156,25,0,0
1157,5,0,0
1158,1,0,0
1159,8,0,0
1160,1,0,0
1161,1,0,0
1079,1,0,0
1087,18,0,0
1081,14,0,0
1082,1,0,0
1083,1,0,0
1084,2,0,0
1085,3,0,0
1074,2,0,0
1075,5,0,0
1076,62,0,0
1077,8,0,0
1072,1,0,0
1070,6,0,0
1089,8,0,0
1090,14,0,0
1091,1,0,0
1095,10,0,0
1096,1,0,0
1093,2,0,0
1098,14,0,0
1099,2,0,0
1101,1,0,0
1106,1,0,0
1107,2,0,0
1108,1,0,0
1135,9,0,0
1136,2,0,0
1138,24,0,0
1131,4,0,0
1132,21,0,0
1133,8,0,0
1127,1,0,0
1128,2,0,0
1129,17,0,0
1125,1,0,0
1123,12,0,0
1120,16,0,0
1118,13,0,0
1022,2,0,0
1023,5,0,0
1026,14,0,0
1027,1,0,0
1028,5,0,0
1015,1,0,0
1016,2,0,0
1018,5,0,0
1019,1,0,0
1008,1,0,0
1009,6,0,0
1010,23,0,0
1011,1,0,0
1012,3,0,0
999,2,0,0
1001,4,0,0
1002,7,0,0
1003,6,0,0
1004,1,0,0
1005,2,0,0
992,4,0,0
993,14,0,0
994,11,0,0
995,4,0,0
997,1,0,0
983,1,0,0
984,16,0,0
1058,1,0,0
1059,2,0,0
1049,21,0,0
1050,8,0,0
1068,1,0,0
1061,3,0,0
1062,2,0,0
1063,5,0,0
1064,2,0,0
1065,3,0,0
1030,1,0,0
1031,1,0,0
1032,10,0,0
1035,7,0,0
1037,7,0,0
1047,6,0,0
1039,3,0,0
1040,5,0,0
1041,4,0,0
1042,13,0,0
1043,2,0,0
979,13,0,0
980,4,0,0
981,3,0,0
986,3,0,0
987,1,0,0
988,6,0,0
971,2,0,0
972,11,0,0
973,2,0,0
974,4,0,0
975,7,0,0
976,6,0,0
977,39,0,0
953,2,0,0
960,2,0,0
955,2,0,0
956,2,0,0
957,1,0,0
958,1,0,0
964,13,0,0
966,10,0,0
967,1,0,0
968,1,0,0
969,1,0,0
949,1,0,0
950,4,0,0
951,8,0,0
939,2,0,0
940,3,0,0
937,2,0,0
944,3,0,0
942,1,0,0
933,1,0,0
908,5,0,0
914,4,0,0
925,2,0,0
926,1,0,0
927,2,0,0
928,48,0,0
929,1,0,0
930,6,0,0
931,1,0,0
728,10,0,0
729,2,0,0
730,2,0,0
704,4,0,0
710,10,0,0
725,3,0,0
726,6,0,0
737,2,0,0
738,1,0,0
741,1,0,0
742,1,0,0
743,1,0,0
751,12,0,0
752,1,0,0
753,3,0,0
745,7,0,0
746,1,0,0
747,2,0,0
748,9,0,0
695,1,0,0
697,6,0,0
675,12,0,0
692,1,0,0
693,1,0,0
683,8,0,0
684,3,0,0
686,1,0,0
687,3,0,0
688,6,0,0
689,8,0,0
690,1,0,0
706,1,0,0
707,4,0,0
708,15,0,0
699,1,0,0
701,2,0,0
702,48,0,0
714,1,0,0
715,14,0,0
716,5,0,0
717,5,0,0
718,9,0,0
719,1,0,0
720,10,0,0
721,3,0,0
722,8,0,0
613,15,0,0
614,5,0,0
615,9,0,0
616,5,0,0
617,1,0,0
607,6,0,0
619,5,0,0
604,12,0,0
610,4,0,0
611,35,0,0
636,2,0,0
637,4,0,0
639,2,0,0
640,5,0,0
641,6,0,0
624,1,0,0
625,25,0,0
626,8,0,0
627,4,0,0
628,1,0,0
629,40,0,0
630,8,0,0
631,53,0,0
632,1,0,0
633,4,0,0
621,1,0,0
622,1,0,0
651,1,0,0
652,21,0,0
654,1,0,0
656,9,0,0
644,2,0,0
645,2,0,0
649,1,0,0
658,1,0,0
660,6,0,0
665,10,0,0
666,1,0,0
662,1,0,0
663,5,0,0
677,8,0,0
678,1,0,0
679,1,0,0
680,3,0,0
670,5,0,0
672,2,0,0
881,3,0,0
859,7,0,0
860,2,0,0
875,5,0,0
876,5,0,0
877,13,0,0
878,1,0,0
879,2,0,0
868,2,0,0
869,8,0,0
870,1,0,0
871,1,0,0
872,18,0,0
873,1,0,0
862,1,0,0
863,2,0,0
864,34,0,0
865,11,0,0
866,36,0,0
839,4,0,0
841,3,0,0
842,1,0,0
848,3,0,0
849,12,0,0
850,2,0,0
845,5,0,0
846,16,0,0
853,1,0,0
854,1,0,0
856,3,0,0
857,1,0,0
902,1,0,0
903,29,0,0
904,2,0,0
897,1,0,0
898,5,0,0
899,2,0,0
900,1,0,0
891,4,0,0
888,1,0,0
889,18,0,0
884,1,0,0
885,4,0,0
886,3,0,0
893,1,0,0
911,2,0,0
912,2,0,0
916,1,0,0
917,1,0,0
918,1,0,0
919,2,0,0
920,8,0,0
921,8,0,0
922,5,0,0
923,8,0,0
792,5,0,0
793,1,0,0
786,11,0,0
787,23,0,0
788,3,0,0
789,18,0,0
790,5,0,0
776,2,0,0
778,1,0,0
781,1,0,0
782,1,0,0
783,12,0,0
784,8,0,0
755,7,0,0
756,7,0,0
757,13,0,0
758,3,0,0
759,7,0,0
774,30,0,0
761,2,0,0
762,2,0,0
763,1,0,0
764,1,0,0
765,1,0,0
766,9,0,0
767,11,0,0
768,7,0,0
769,8,0,0
770,2,0,0
798,2,0,0
799,23,0,0
800,22,0,0
801,3,0,0
803,20,0,0
804,12,0,0
795,2,0,0
808,3,0,0
809,4,0,0
813,1,0,0
814,3,0,0
815,8,0,0
816,1,0,0
817,1,0,0
818,2,0,0
831,1,0,0
832,8,0,0
833,2,0,0
834,9,0,0
835,2,0,0
836,2,0,0
837,1,0,0
811,1,0,0
822,1,0,0
823,1,0,0
824,3,0,0
825,2,0,0
826,1,0,0
827,2,0,0
597,1,0,0
591,37,0,0
599,1,0,0
600,8,0,0
601,1,0,0
602,2,0,0
587,1,0,0
588,5,0,0
593,1,0,0
594,2,0,0
595,1,0,0
578,17,0,0
576,19,0,0
582,36,0,0
573,7,0,0
556,2,0,0
557,4,0,0
558,3,0,0
559,1,0,0
546,7,0,0
544,4,0,0
540,13,0,0
541,1,0,0
542,2,0,0
536,1,0,0
537,2,0,0
538,10,0,0
529,2,0,0
530,6,0,0
531,1,0,0
532,1,0,0
533,3,0,0
554,6,0,0
550,1,0,0
561,1,0,0
562,1,0,0
563,11,0,0
564,5,0,0
565,3,0,0
566,13,0,0
567,2,0,0
568,2,0,0
569,5,0,0
570,10,0,0
571,7,0,0
520,1,0,0
521,1,0,0
523,3,0,0
524,12,0,0
525,1,0,0
526,2,0,0
527,1,0,0
509,4,0,0
510,6,0,0
511,52,0,0
512,1,0,0
515,6,0,0
516,1,0,0
484,4,0,0
485,8,0,0
494,2,0,0
505,2,0,0
506,12,0,0
500,1,0,0
501,3,0,0
479,1,0,0
480,3,0,0
481,1,0,0
482,6,0,0
487,2,0,0
488,8,0,0
489,2,0,0
490,2,0,0
491,4,0,0
492,5,0,0
476,7,0,0
477,1,0,0
469,31,0,0
472,1,0,0
449,2,0,0
450,1,0,0
451,15,0,0
452,3,0,0
453,4,0,0
454,10,0,0
455,3,0,0
456,7,0,0
457,12,0,0
463,19,0,0
464,1,0,0
466,6,0,0
459,4,0,0
461,1,0,0
355,13,0,0
351,1,0,0
342,2,0,0
339,2,0,0
340,5,0,0
344,2,0,0
364,5,0,0
365,2,0,0
357,2,0,0
359,2,0,0
360,1,0,0
361,3,0,0
362,10,0,0
374,1,0,0
375,2,0,0
370,1,0,0
371,3,0,0
372,7,0,0
336,1,0,0
331,1,0,0
332,1,0,0
328,3,0,0
329,12,0,0
308,1,0,0
309,1,0,0
324,9,0,0
325,3,0,0
322,30,0,0
317,1,0,0
318,5,0,0
302,1,0,0
303,10,0,0
304,1,0,0
305,1,0,0
306,4,0,0
311,10,0,0
312,2,0,0
313,11,0,0
314,8,0,0
441,5,0,0
447,4,0,0
444,6,0,0
445,17,0,0
424,2,0,0
434,5,0,0
435,4,0,0
437,5,0,0
438,12,0,0
439,1,0,0
412,1,0,0
413,4,0,0
414,3,0,0
422,6,0,0
428,1,0,0
429,4,0,0
430,3,0,0
431,2,0,0
432,1,0,0
405,4,0,0
406,2,0,0
407,14,0,0
408,1,0,0
409,11,0,0
410,5,0,0
396,1,0,0
399,3,0,0
401,3,0,0
379,1,0,0
380,8,0,0
381,1,0,0
382,1,0,0
383,12,0,0
384,2,0,0
385,3,0,0
386,3,0,0
387,1,0,0
389,3,0,0
377,1,0,0
150,1,0,0
153,9,0,0
144,1,0,0
145,2,0,0
146,1,0,0
147,4,0,0
139,1,0,0
140,3,0,0
141,9,0,0
142,1,0,0
134,2,0,0
136,1,0,0
137,2,0,0
129,2,0,0
130,4,0,0
132,6,0,0
126,1,0,0
127,2,0,0
124,5,0,0
116,3,0,0
117,2,0,0
118,1,0,0
120,19,0,0
121,7,0,0
85,93,0,0
86,8,0,0
89,4,0,0
83,18,0,0
91,3,0,0
92,4,0,0
93,7,0,0
94,5,0,0
95,1,0,0
96,18,0,0
97,2,0,0
99,2,0,0
103,12,0,0
106,6,0,0
109,28,0,0
111,6,0,0
113,12,0,0
114,1,0,0
59,4,0,0
66,1,0,0
67,10,0,0
68,2,0,0
69,1,0,0
73,6,0,0
75,2,0,0
77,9,0,0
50,3,0,0
51,1,0,0
45,3,0,0
42,9,0,0
56,1,0,0
62,6,0,0
63,4,0,0
12,2,0,0
13,1,0,0
14,1,0,0
15,3,0,0
16,26,0,0
18,11,0,0
20,11,0,0
21,9,0,0
1,3,0,0
8,1,0,0
9,1,0,0
3,1,0,0
5,1,0,0
35,22,0,0
38,7,0,0
39,2,0,0
40,8,0,0
23,5,0,0
28,2,0,0
29,1,0,0
30,2,0,0
31,4,0,0
32,13,0,0
203,2,0,0
204,5,0,0
205,2,0,0
206,2,0,0
207,4,0,0
190,3,0,0
191,1,0,0
192,5,0,0
196,3,0,0
197,9,0,0
198,7,0,0
216,2,0,0
222,3,0,0
223,9,0,0
224,1,0,0
225,6,0,0
194,4,0,0
209,3,0,0
210,5,0,0
211,3,0,0
212,4,0,0
213,3,0,0
175,15,0,0
176,32,0,0
177,3,0,0
179,1,0,0
168,9,0,0
181,4,0,0
182,1,0,0
183,3,0,0
184,1,0,0
185,1,0,0
186,3,0,0
187,10,0,0
162,4,0,0
159,3,0,0
157,5,0,0
155,6,0,0
165,2,0,0
172,3,0,0
173,8,0,0
297,3,0,0
298,2,0,0
295,1,0,0
287,3,0,0
288,11,0,0
289,6,0,0
290,4,0,0
271,2,0,0
272,1,0,0
279,1,0,0
276,2,0,0
264,2,0,0
259,4,0,0
260,1,0,0
267,1,0,0
268,1,0,0
269,2,0,0
229,1,0,0
230,8,0,0
233,3,0,0
234,1,0,0
227,18,0,0
220,4,0,0
241,28,0,0
237,11,0,0
238,21,0,0
239,1,0,0
244,2,0,0
245,6,0,0
249,3,0,0
257,2,0,0
251,1,0,0
252,1,0,0
253,2,0,0
1320,5,0,0
1321,5,0,0
1322,1,0,0
1323,5,0,0
1324,1,0,0
1326,2,0,0
1327,9,0,0
1317,2,0,0
1318,17,0,0
1335,3,0,0
1331,4,0,0
1332,13,0,0
1333,3,0,0
1298,21,0,0
1299,1,0,0
1301,1,0,0
1311,5,0,0
1312,3,0,0
1313,10,0,0
1314,2,0,0
1305,7,0,0
1306,8,0,0
1307,45,0,0
1308,10,0,0
1309,3,0,0
1352,10,0,0
1353,1,0,0
1349,5,0,0
1350,1,0,0
1344,5,0,0
1345,8,0,0
1346,1,0,0
1342,42,0,0
1338,7,0,0
1339,2,0,0
1340,1,0,0
1357,3,0,0
1360,2,0,0
1361,11,0,0
1363,3,0,0
1371,1,0,0
1368,5,0,0
1369,3,0,0
1228,7,0,0
1229,1,0,0
1230,2,0,0
1231,1,0,0
1232,7,0,0
1220,7,0,0
1221,1,0,0
1224,23,0,0
1204,3,0,0
1201,1,0,0
1202,1,0,0
1217,18,0,0
1218,11,0,0
1226,2,0,0
1234,3,0,0
1237,1,0,0
1240,1,0,0
1241,3,0,0
1242,12,0,0
1243,6,0,0
1244,19,0,0
1245,2,0,0
1246,36,0,0
1247,2,0,0
1248,1,0,0
1249,4,0,0
1250,1,0,0
1251,3,0,0
1252,1,0,0
1253,1,0,0
1256,1,0,0
1262,27,0,0
1263,8,0,0
1264,1,0,0
1265,6,0,0
1267,21,0,0
1260,11,0,0
1272,6,0,0
1269,2,0,0
1270,10,0,0
1279,6,0,0
1280,11,0,0
1281,2,0,0
1282,2,0,0
1283,1,0,0
1276,1,0,0
1277,6,0,0
1294,2,0,0
1291,1,0,0
1292,15,0,0
1285,1,0,0
1286,7,0,0
1287,4,0,0
1288,3,0,0
1289,2,0,0
1419,1,0,0
1445,1,0,0
1446,3,0,0
1435,2,0,0
1436,3,0,0
1437,6,0,0
1438,1,0,0
1439,1,0,0
1440,2,0,0
1441,3,0,0
1442,5,0,0
1421,2,0,0
1422,2,0,0
1423,2,0,0
1424,7,0,0
1426,2,0,0
1427,29,0,0
1428,8,0,0
1429,2,0,0
1430,1,0,0
1431,4,0,0
1410,1,0,0
1411,7,0,0
1416,18,0,0
1417,4,0,0
1376,8,0,0
1377,7,0,0
1378,1,0,0
1389,1,0,0
1380,2,0,0
1381,1,0,0
1383,2,0,0
1384,5,0,0
1403,1,0,0
1400,39,0,0
1401,4,0,0
1406,15,0,0
1407,3,0,0
1408,1,0,0
1397,1,0,0
1394,6,0,0
1395,2,0,0
1391,4,0,0
1477,1,0,0
1482,1,0,0
1483,11,0,0
1484,2,0,0
1469,5,0,0
1470,6,0,0
1471,3,0,0
1473,2,0,0
1474,18,0,0
1475,12,0,0
1466,1,0,0
1464,2,0,0
1459,14,0,0
1461,2,0,0
1451,1,0,0
1452,3,0,0
1453,4,0,0
1454,5,0,0
1455,3,0,0
1457,2,0,0
1448,5,0,0
1492,1,0,0
1493,1,0,0
1494,2,0,0
1495,5,0,0
1499,23,0,0
1500,2,0,0
1501,1,0,0
1502,1,0,0
1488,3,0,0
1486,2,0,0
1479,2,0,0
1504,11,0,0
1497,1,0,0
1507,1,0,0
1509,5,0,0
1511,5,0,0
1512,1,0,0
1514,2,0,0
1515,3,0,0
1516,27,0,0
1710,5,0,0
1711,5,0,0
1708,6,0,0
1718,9,0,0
1722,11,0,0
1723,2,0,0
1724,2,0,0
1720,2,0,0
1726,3,0,0
1727,2,0,0
1731,2,0,0
1732,15,0,0
1737,16,0,0
1738,1,0,0
1739,1,0,0
1740,2,0,0
1741,4,0,0
1699,13,0,0
1700,2,0,0
1701,8,0,0
1702,22,0,0
1703,65,0,0
1704,1,0,0
1705,1,0,0
1692,2,0,0
1680,1,0,0
1694,18,0,0
1697,3,0,0
1664,1,0,0
1671,20,0,0
1672,1,0,0
1674,1,0,0
1675,1,0,0
1676,14,0,0
1677,2,0,0
1682,2,0,0
1683,10,0,0
1684,6,0,0
1686,7,0,0
1687,2,0,0
1688,2,0,0
1689,8,0,0
1690,11,0,0
1792,1,0,0
1790,6,0,0
1794,6,0,0
1795,1,0,0
1796,4,0,0
1800,1,0,0
1801,2,0,0
1802,1,0,0
1803,4,0,0
1804,3,0,0
1805,21,0,0
1806,1,0,0
1798,8,0,0
1809,3,0,0
1810,1,0,0
1811,3,0,0
1820,1,0,0
1821,2,0,0
1823,3,0,0
1824,2,0,0
1815,3,0,0
1816,5,0,0
1817,1,0,0
1818,30,0,0
1756,7,0,0
1765,1,0,0
1760,15,0,0
1761,1,0,0
1762,5,0,0
1763,6,0,0
1750,2,0,0
1751,2,0,0
1752,1,0,0
1753,19,0,0
1754,2,0,0
1767,5,0,0
1773,5,0,0
1774,4,0,0
1769,13,0,0
1770,2,0,0
1771,4,0,0
1776,5,0,0
1777,2,0,0
1778,3,0,0
1779,2,0,0
1780,1,0,0
1781,6,0,0
1782,1,0,0
1783,6,0,0
1784,25,0,0
1785,23,0,0
1786,4,0,0
1787,2,0,0
1788,9,0,0
1604,8,0,0
1609,15,0,0
1607,1,0,0
1598,2,0,0
1599,46,0,0
1600,1,0,0
1593,13,0,0
1594,11,0,0
1595,8,0,0
1596,5,0,0
1626,3,0,0
1628,22,0,0
1620,3,0,0
1621,2,0,0
1622,1,0,0
1623,2,0,0
1611,2,0,0
1616,14,0,0
1618,3,0,0
1642,2,0,0
1644,17,0,0
1645,10,0,0
1650,1,0,0
1651,5,0,0
1630,2,0,0
1631,2,0,0
1632,1,0,0
1633,4,0,0
1634,1,0,0
1659,3,0,0
1660,1,0,0
1666,3,0,0
1667,1,0,0
1668,1,0,0
1669,5,0,0
1655,7,0,0
1653,4,0,0
1534,4,0,0
1530,1,0,0
1527,1,0,0
1528,11,0,0
1525,8,0,0
1520,1,0,0
1521,1,0,0
1522,5,0,0
1552,1,0,0
1554,2,0,0
1555,5,0,0
1548,1,0,0
1549,4,0,0
1546,5,0,0
1544,2,0,0
1542,5,0,0
1537,3,0,0
1538,2,0,0
1539,1,0,0
1540,1,0,0
1562,2,0,0
1569,5,0,0
1570,6,0,0
1571,3,0,0
1588,2,0,0
1583,4,0,0
1585,1,0,0
1575,4,0,0
1576,16,0,0
1577,4,0,0
1578,1,0,0
1579,1,0,0
1580,5,0,0
1565,7,0,0
1566,2,0,0
1560,4,0,0
1557,23,0,0
1558,1,0,0
2309,4,0,0
2311,6,0,0
2312,5,0,0
2314,1,0,0
2300,2,0,0
2301,2,0,0
2302,2,0,0
2303,29,0,0
2304,2,0,0
2305,1,0,0
2306,20,0,0
2284,1,0,0
2285,7,0,0
2286,36,0,0
2288,2,0,0
2289,22,0,0
2290,7,0,0
2298,7,0,0
2292,5,0,0
2294,3,0,0
2295,1,0,0
2296,1,0,0
2330,1,0,0
2316,9,0,0
2318,1,0,0
2319,7,0,0
2320,3,0,0
2322,1,0,0
2323,4,0,0
2324,1,0,0
2325,3,0,0
2326,1,0,0
2327,6,0,0
2328,3,0,0
2352,2,0,0
2353,3,0,0
2345,14,0,0
2346,4,0,0
2348,2,0,0
2349,2,0,0
2350,13,0,0
2339,1,0,0
2342,1,0,0
2343,1,0,0
2332,2,0,0
2333,2,0,0
2334,7,0,0
2335,3,0,0
2336,1,0,0
2337,3,0,0
2427,15,0,0
2430,1,0,0
2422,2,0,0
2423,1,0,0
2425,9,0,0
2404,6,0,0
2416,8,0,0
2418,4,0,0
2419,2,0,0
2420,4,0,0
2395,8,0,0
2396,3,0,0
2397,17,0,0
2398,9,0,0
2406,4,0,0
2407,1,0,0
2408,1,0,0
2409,21,0,0
2410,24,0,0
2411,1,0,0
2412,1,0,0
2413,2,0,0
2414,4,0,0
2367,13,0,0
2368,1,0,0
2369,2,0,0
2370,3,0,0
2371,7,0,0
2373,1,0,0
2374,7,0,0
2375,4,0,0
2376,4,0,0
2377,2,0,0
2355,9,0,0
2356,2,0,0
2362,3,0,0
2363,2,0,0
2364,6,0,0
2385,1,0,0
2386,5,0,0
2387,1,0,0
2388,7,0,0
2389,6,0,0
2390,3,0,0
2391,10,0,0
2383,13,0,0
2379,8,0,0
2359,1,0,0
2220,2,0,0
2221,2,0,0
2222,34,0,0
2225,6,0,0
2226,10,0,0
2227,3,0,0
2229,1,0,0
2230,2,0,0
2232,15,0,0
2234,5,0,0
2235,6,0,0
2236,2,0,0
2237,1,0,0
2215,1,0,0
2217,4,0,0
2218,6,0,0
2213,9,0,0
2201,1,0,0
2202,2,0,0
2203,2,0,0
2204,6,0,0
2205,2,0,0
2206,4,0,0
2207,8,0,0
2208,11,0,0
2209,8,0,0
2267,3,0,0
2268,2,0,0
2270,7,0,0
2256,36,0,0
2257,1,0,0
2265,21,0,0
2277,1,0,0
2279,4,0,0
2280,8,0,0
2245,1,0,0
2246,1,0,0
2254,2,0,0
2260,2,0,0
2261,2,0,0
2262,1,0,0
2263,14,0,0
2239,6,0,0
2240,1,0,0
2241,1,0,0
2242,1,0,0
2243,1,0,0
2248,19,0,0
2249,5,0,0
2250,2,0,0
2251,17,0,0
2252,2,0,0
2156,21,0,0
2157,68,0,0
2158,4,0,0
2159,1,0,0
2142,2,0,0
2143,7,0,0
2144,6,0,0
2145,25,0,0
2150,9,0,0
2151,1,0,0
2148,1,0,0
2126,2,0,0
2123,7,0,0
2124,7,0,0
2128,11,0,0
2139,19,0,0
2132,1,0,0
2134,53,0,0
2135,17,0,0
2136,40,0,0
2173,5,0,0
2181,2,0,0
2182,7,0,0
2162,3,0,0
2163,9,0,0
2164,44,0,0
2165,2,0,0
2167,4,0,0
2168,2,0,0
2169,5,0,0
2170,22,0,0
2192,8,0,0
2193,1,0,0
2199,5,0,0
2197,1,0,0
2189,1,0,0
2190,2,0,0
2184,1,0,0
2185,2,0,0
2186,1,0,0
2187,1,0,0
1839,1,0,0
1834,28,0,0
1835,92,0,0
1836,4,0,0
1830,1,0,0
1828,1,0,0
1826,1,0,0
1858,4,0,0
1861,12,0,0
1852,3,0,0
1853,5,0,0
1854,1,0,0
1855,5,0,0
1856,15,0,0
1843,12,0,0
1844,2,0,0
1845,2,0,0
1846,1,0,0
1864,2,0,0
1865,2,0,0
1866,1,0,0
1876,7,0,0
1877,7,0,0
1878,1,0,0
1879,16,0,0
1880,6,0,0
1881,5,0,0
1882,1,0,0
1884,1,0,0
1874,2,0,0
1870,3,0,0
1871,2,0,0
1872,1,0,0
1887,2,0,0
1888,3,0,0
1889,2,0,0
1892,2,0,0
1893,2,0,0
1894,32,0,0
1918,13,0,0
1919,1,0,0
1916,13,0,0
1914,5,0,0
1923,4,0,0
1929,2,0,0
1930,1,0,0
1900,6,0,0
1901,1,0,0
1902,1,0,0
1903,6,0,0
1904,2,0,0
1905,3,0,0
1907,10,0,0
1910,4,0,0
1911,4,0,0
1912,2,0,0
1956,2,0,0
1960,1,0,0
1961,8,0,0
1965,1,0,0
1966,1,0,0
1967,2,0,0
1968,1,0,0
1969,4,0,0
1970,3,0,0
1971,11,0,0
1972,2,0,0
1940,2,0,0
1941,1,0,0
1942,6,0,0
1943,1,0,0
1944,3,0,0
1945,10,0,0
1933,2,0,0
1934,1,0,0
1936,6,0,0
1947,8,0,0
1948,4,0,0
1949,8,0,0
1950,1,0,0
1951,4,0,0
1952,4,0,0
1953,2,0,0
1954,1,0,0
1990,2,0,0
1991,1,0,0
1995,1,0,0
1996,7,0,0
2007,1,0,0
2008,4,0,0
2009,2,0,0
2010,1,0,0
2011,2,0,0
2012,8,0,0
2013,4,0,0
2014,1,0,0
2015,3,0,0
1976,1,0,0
1977,16,0,0
1978,3,0,0
1988,5,0,0
1974,2,0,0
1980,10,0,0
1981,3,0,0
1982,4,0,0
1983,1,0,0
1984,3,0,0
1985,12,0,0
1986,9,0,0
2027,3,0,0
2019,6,0,0
2020,3,0,0
2021,1,0,0
2022,7,0,0
2023,6,0,0
2024,1,0,0
1999,19,0,0
2017,4,0,0
2002,2,0,0
2003,1,0,0
2004,8,0,0
2048,1,0,0
2049,1,0,0
2050,1,0,0
2051,4,0,0
2052,2,0,0
2053,3,0,0
2054,1,0,0
2030,2,0,0
2031,5,0,0
2032,1,0,0
2033,4,0,0
2034,2,0,0
2035,1,0,0
2036,5,0,0
2037,2,0,0
2038,2,0,0
2039,1,0,0
2091,1,0,0
2092,3,0,0
2109,1,0,0
2099,5,0,0
2114,1,0,0
2116,1,0,0
2117,4,0,0
2118,1,0,0
2119,4,0,0
2120,2,0,0
2121,11,0,0
2087,5,0,0
2088,1,0,0
2089,11,0,0
2094,6,0,0
2095,1,0,0
2096,3,0,0
2101,10,0,0
2102,5,0,0
2103,1,0,0
2104,10,0,0
2105,6,0,0
2106,8,0,0
2107,1,0,0
2079,4,0,0
2081,1,0,0
2083,10,0,0
2084,44,0,0
2085,1,0,0
2071,7,0,0
2072,12,0,0
2069,5,0,0
2074,2,0,0
2076,1,0,0
2077,1,0,0
2065,3,0,0
2067,2,0,0
2058,10,0,0
2059,1,0,0
2060,48,0,0
2061,2,0,0
2062,5,0,0
2045,2,0,0
2046,3,0,0
2056,1,0,0
2041,6,0,0
2042,2,0,0
2043,13,0,0
2542,11,0,0
2536,1,0,0
2537,6,0,0
2538,1,0,0
2528,17,0,0
2529,9,0,0
2524,12,0,0
2505,1,0,0
2506,1,0,0
2507,1,0,0
2522,16,0,0
2513,1,0,0
2514,1,0,0
2516,5,0,0
2517,16,0,0
2518,1,0,0
2519,4,0,0
2520,1,0,0
2558,7,0,0
2552,1,0,0
2553,2,0,0
2554,1,0,0
2555,9,0,0
2556,2,0,0
2533,3,0,0
2544,12,0,0
2545,1,0,0
2550,1,0,0
2579,3,0,0
2580,3,0,0
2581,65,0,0
2582,61,0,0
2583,2,0,0
2584,7,0,0
2585,1,0,0
2562,1,0,0
2564,2,0,0
2568,1,0,0
2569,11,0,0
2570,2,0,0
2571,1,0,0
2476,10,0,0
2477,2,0,0
2470,1,0,0
2472,4,0,0
2473,11,0,0
2474,1,0,0
2484,55,0,0
2485,2,0,0
2479,10,0,0
2480,1,0,0
2481,27,0,0
2487,3,0,0
2489,1,0,0
2500,5,0,0
2501,17,0,0
2502,7,0,0
2494,1,0,0
2495,1,0,0
2497,3,0,0
2455,6,0,0
2456,6,0,0
2457,13,0,0
2460,3,0,0
2461,10,0,0
2462,27,0,0
2463,1,0,0
2464,2,0,0
2465,2,0,0
2466,1,0,0
2467,2,0,0
2441,7,0,0
2442,8,0,0
2443,7,0,0
2444,1,0,0
2445,1,0,0
2450,1,0,0
2451,4,0,0
2447,14,0,0
2436,1,0,0
2437,1,0,0
2433,1,0,0
2434,1,0,0
2658,1,0,0
2656,4,0,0
2648,9,0,0
2649,3,0,0
2669,1,0,0
2670,3,0,0
2671,1,0,0
2665,4,0,0
2666,4,0,0
2667,7,0,0
2661,3,0,0
2662,1,0,0
2673,2,0,0
2676,1,0,0
2678,2,0,0
2680,1,0,0
2681,2,0,0
2682,1,0,0
2683,1,0,0
2684,10,0,0
2685,1,0,0
2686,3,0,0
2687,14,0,0
2714,2,0,0
2715,1,0,0
2716,8,0,0
2717,1,0,0
2718,3,0,0
2719,1,0,0
2720,1,0,0
2703,19,0,0
2722,1,0,0
2723,1,0,0
2724,12,0,0
2725,22,0,0
2692,1,0,0
2693,5,0,0
2694,2,0,0
2689,7,0,0
2696,16,0,0
2697,5,0,0
2705,2,0,0
2706,1,0,0
2707,1,0,0
2708,2,0,0
2701,14,0,0
2620,14,0,0
2622,1,0,0
2617,3,0,0
2625,9,0,0
2631,1,0,0
2632,3,0,0
2633,3,0,0
2634,8,0,0
2652,16,0,0
2653,1,0,0
2654,1,0,0
2629,1,0,0
2645,8,0,0
2646,1,0,0
2636,9,0,0
2637,4,0,0
2638,2,0,0
2640,1,0,0
2641,1,0,0
2642,13,0,0
2590,2,0,0
2591,1,0,0
2593,3,0,0
2594,16,0,0
2597,14,0,0
2566,1,0,0
2573,12,0,0
2574,17,0,0
2575,1,0,0
2576,12,0,0
2606,2,0,0
2604,1,0,0
2599,6,0,0
2600,2,0,0
2602,4,0,0
2608,1,0,0
2609,1,0,0
2610,1,0,0
2611,1,0,0
2612,1,0,0
2613,22,0,0
2614,6,0,0
2805,8,0,0
2806,2,0,0
2813,1,0,0
2814,1,0,0
2815,2,0,0
2816,23,0,0
2822,1,0,0
2820,1,0,0
2829,3,0,0
2830,3,0,0
2831,3,0,0
2824,3,0,0
2825,10,0,0
2827,4,0,0
2835,11,0,0
2836,2,0,0
2833,9,0,0
2838,1,0,0
2839,9,0,0
2840,1,0,0
2841,3,0,0
2842,1,0,0
2866,4,0,0
2867,2,0,0
2868,33,0,0
2869,7,0,0
2871,8,0,0
2862,8,0,0
2877,3,0,0
2879,1,0,0
2873,1,0,0
2874,1,0,0
2875,6,0,0
2844,2,0,0
2851,1,0,0
2847,8,0,0
2848,1,0,0
2849,2,0,0
2858,2,0,0
2855,3,0,0
2731,5,0,0
2733,14,0,0
2728,10,0,0
2729,12,0,0
2740,3,0,0
2741,3,0,0
2742,2,0,0
2743,1,0,0
2744,7,0,0
2745,7,0,0
2746,1,0,0
2747,25,0,0
2748,14,0,0
2749,35,0,0
2750,7,0,0
2759,1,0,0
2760,2,0,0
2761,3,0,0
2762,7,0,0
2763,1,0,0
2765,3,0,0
2766,1,0,0
2752,3,0,0
2753,2,0,0
2737,3,0,0
2738,3,0,0
2755,4,0,0
2756,4,0,0
2757,2,0,0
2782,8,0,0
2783,1,0,0
2795,18,0,0
2803,57,0,0
2800,2,0,0
2776,15,0,0
2777,8,0,0
2778,13,0,0
2779,1,0,0
2770,4,0,0
2771,2,0,0
2772,4,0,0
2773,1,0,0
2785,1,0,0
2786,24,0,0
2787,1,0,0
2788,7,0,0
2789,1,0,0
2790,1,0,0
2791,4,0,0
2792,1,0,0
2996,1,0,0
2998,3,0,0
2999,7,0,0
3007,2,0,0
3008,1,0,0
3009,1,0,0
3004,3,0,0
3005,6,0,0
3011,21,0,0
3012,5,0,0
3014,10,0,0
3015,1,0,0
3016,2,0,0
3018,9,0,0
3019,1,0,0
3020,2,0,0
3021,2,0,0
3022,7,0,0
3023,1,0,0
3024,57,0,0
2989,2,0,0
2981,5,0,0
2984,5,0,0
2985,2,0,0
2986,31,0,0
2964,4,0,0
2972,19,0,0
2973,1,0,0
2961,18,0,0
2967,12,0,0
2968,2,0,0
2969,2,0,0
2897,5,0,0
2894,5,0,0
2890,9,0,0
2892,4,0,0
2882,1,0,0
2883,2,0,0
2886,4,0,0
2887,23,0,0
2909,11,0,0
2910,1,0,0
2911,2,0,0
2912,1,0,0
2913,2,0,0
2917,2,0,0
2915,9,0,0
2904,11,0,0
2906,1,0,0
2907,1,0,0
2899,1,0,0
2900,5,0,0
2901,3,0,0
2902,1,0,0
2942,1,0,0
2943,2,0,0
2934,2,0,0
2935,1,0,0
2945,6,0,0
2946,1,0,0
2947,2,0,0
2948,87,0,0
2949,15,0,0
2951,2,0,0
2953,28,0,0
2954,10,0,0
2955,1,0,0
2956,10,0,0
2925,15,0,0
2926,1,0,0
2927,8,0,0
2919,5,0,0
2920,3,0,0
2922,4,0,0
2923,2,0,0
2937,1,0,0
2938,1,0,0
2939,1,0,0
2940,9,0,0
2930,4,0,0
2931,3,0,0
2932,8,0,0
3057,1,0,0
3061,1,0,0
3062,1,0,0
3063,8,0,0
3055,3,0,0
3051,3,0,0
3028,1,0,0
3041,1,0,0
3042,5,0,0
3043,1,0,0
3044,5,0,0
3045,2,0,0
3046,4,0,0
3047,115,0,0
3048,4,0,0
3049,1,0,0
3030,1,0,0
3031,1,0,0
3032,9,0,0
3033,5,0,0
3034,32,0,0
3035,7,0,0
3036,13,0,0
3037,1,0,0
3038,2,0,0
3070,3,0,0
3072,1,0,0
3073,1,0,0
3068,3,0,0
3075,9,0,0
3076,1,0,0
3077,4,0,0
3078,1,0,0
3079,2,0,0
3083,2,0,0
3084,11,0,0
3085,9,0,0
3081,7,0,0
3091,1,0,0
3092,18,0,0
3087,4,0,0
3088,18,0,0
3089,10,0,0
3095,20,0,0
