seller_id,total_orders,late_orders,late_delivery_rate_percent
04843805947f0fc584fc1969b6e50fe7,1,1,100.00
05ca864204d09595ae591b93ea9cf93d,1,1,100.00
1352e06ae67b410cdae0b2a22361167b,2,2,100.00
13d95f0f6f73943d4ceffad0fc2cd32c,1,1,100.00
154bdf805377afea75a3bd158e9eab10,1,1,100.00
19484c79cef6c062cb177aa4ef2fcc3c,1,1,100.00
1b4b28463457a256e9a784ebe2a8f630,1,1,100.00
1f2eebc0e970fd3c463e4f5d9652687a,1,1,100.00
20d53aad4fe5ee93a64f8839609d3586,1,1,100.00
20f0aeea30bc3b8c4420be8ced4226c0,1,1,100.00
271b8923c6a549e02d3c9fd1f8c0422b,1,1,100.00
2a50b7ee5aebecc6fd0ff9784a4747d6,1,1,100.00
2a73cba571d90c694b7caca072ccf6ce,1,1,100.00
344223b2a90784f64136a8a5da012e7f,1,1,100.00
391bbd13b6452244774beff1824006ed,1,1,100.00
3da38366e7bd9baf6369071f782ecdf0,1,1,100.00
4e42581f08e8cfc7c090f930bac4552a,1,1,100.00
51a04a8a6bdcb23deccc82b0b80742cf,1,1,100.00
535bf14f36346c7f59d87cece104d70c,1,1,100.00
586a871d4f1221763fddb6ceefdeb95e,1,1,100.00
5ca5d579b5857ee8709479b1047cecc3,1,1,100.00
63704069d9bd3a75c1cf59babe56004a,1,1,100.00
6524b847b982cd56bb5d4b02b776ee42,1,1,100.00
685b870da5b52a710782c9c0fefbeb5b,2,2,100.00
6d04126aba80df143fd038e711b8fd96,1,1,100.00
781a66c0d89e30814d49fe8b5e14cd07,1,1,100.00
791cfcfe22fe4a771ece27f90017da92,1,1,100.00
7c462184585ae80bd6e5774c62ce50f2,1,1,100.00
80ceebb4ee9b31afb6c6a916a574a1e2,1,1,100.00
8629a7efec1aab257e58cda559f03ba7,1,1,100.00
8e670472e453ba34a379331513d6aab1,1,1,100.00
984c273121e743dd14767befe6cb17f5,1,1,100.00
9ac75591b69c3402684b6ce0310f22ee,1,1,100.00
9bf11dfc0bec77e5a23028043c3c5a8f,1,1,100.00
9c57bc60cfad5ee62d35d3f1ce4593a1,1,1,100.00
9da15f4a4ea758d9eeb49000dbe57e22,1,1,100.00
9ef932e837d8b7f392c0bfee9d359dc2,1,1,100.00
bc8c8d665ec4664d286be0d521722b19,1,1,100.00
bcd2d7510d58e293f20fad6438c1b314,1,1,100.00
be1e9e378700cecaa4ebf71433d7915c,2,2,100.00
c004e5ea15737026cecaee0447e00b75,1,1,100.00
c13ef0cfbe42f190780f621ce81f2234,1,1,100.00
c1d1ebb4745cc43cb6f05e9c8a705c9a,1,1,100.00
c611f4ce9ce875bcc063fa97fd4d7d12,1,1,100.00
c7b7db6c8f3c64a7cc1afa634db21d50,1,1,100.00
ca5832c6960267b71041f74bb39e8b12,1,1,100.00
d1a5cc844736958c11b8efab9a2b4c87,1,1,100.00
d1aa1ec0839dcab73a6161130eb1f94a,1,1,100.00
d8dd176509baa37f359644d082bf7f7b,2,2,100.00
da2782c804606d2a5d8e1760dbb3e7ec,1,1,100.00
df683dfda87bf71ac3fc63063fba369d,1,1,100.00
e5bd51692380fd8cabb19b756b95e714,2,2,100.00
ebe3dabc4955c9b0d695e7bda38bf5c3,1,1,100.00
edf3fabebcc20f7463cc9c53da932ea8,1,1,100.00
efb628aa07c8ca93d7db0d85b91a4f5a,1,1,100.00
f524ad65d7e0f1daab730ef2d2e86196,1,1,100.00
f5fea3ffed6c2e889bab72705557c63a,1,1,100.00
ce20a2ec1514c25e16f2b5b39bc818f0,4,3,75.00
c42fd8e4d47dfb18ce5222f2dd7752f9,7,5,71.43
bcc9dd23e2a8bd8267cf92b19304a1b9,3,2,66.67
a435b009cd956ea60748b5cfbddf2e24,3,2,66.67
961dff0a659b4561334372337dd897d9,3,2,66.67
8d92f3ea807b89465643c219455e7369,3,2,66.67
8c3b533c63cca56240f94f1e3a6b18ef,3,2,66.67
633ecdf879b94b5337cca303328e4a25,6,4,66.67
5b97c06a046398e7005b2b7c0d707a92,3,2,66.67
44f091b5abab8018f682fce8124b85e5,3,2,66.67
327b89b872c14d1c0be7235ef4871685,3,2,66.67
17eea220a40cc0d2c0c5346379682398,3,2,66.67
fcf16b7a8697e559f0123190bb30177d,3,2,66.67
b1b3948701c5c72445495bd161b83a4c,14,9,64.29
427165bf50f8ca07efc7bdc2bfcf1688,5,3,60.00
6219ba2359cfb97f2e38fd4c321eb309,5,3,60.00
312ba1d77e9c332ef21f9598b7f64cd7,7,4,57.14
973f21788dfab357250f69a8dcb7ddee,9,5,55.56
8ccf3cf69651cc1d8a02c8bfaf3b8568,2,1,50.00
8e29d051f810eb22959ede205b462b9f,2,1,50.00
8e4f041ff58e7845456d3482524014b3,2,1,50.00
92c8bc6e8f925792247656fed09aad65,2,1,50.00
8a207b6080964f3c1fc9d35bd6096ba4,2,1,50.00
85ecf03781da592876b7844acc1b729f,2,1,50.00
7c4adcc13272c0e26fa23aac642adb7b,2,1,50.00
7d484ca289afaac6bf5fc6a1e96d2226,2,1,50.00
6f1a1263039c76e68f40a8e536b1da6a,2,1,50.00
700f03c207639c22d933381ff60b35c2,4,2,50.00
a154d7316f158bb42e6fa18bbe3afd3a,2,1,50.00
a20d8058c866dbaeca014d2cd20ac62e,2,1,50.00
a11a0e0ca67423425691db355cff69b0,2,1,50.00
9dd459b29a14bf89d47183cf2cd0e4c7,2,1,50.00
9b1f656ca3060f8af17a50d8a024b533,2,1,50.00
b8d890108a7a80e4f5d59eea9f362438,2,1,50.00
c1f12f926d0ba950578b4fa41115cbb6,2,1,50.00
c8025364abeecb115431bf95c11a747f,2,1,50.00
30c7f28fd3a5897b2c82d152bb760c17,6,3,50.00
26f6b7ab07be3e9e69ce82a6552efc19,2,1,50.00
244b04680fdbded0acf5aebd9c92b44a,2,1,50.00
253c025bab43881055aeecde5e2d8b77,2,1,50.00
12c2ed9cded6138cf0c75f525f565fc7,4,2,50.00
0daf5180aa44356f60f8effa533b55a2,2,1,50.00
12a8eb0f8d1cd3270695bf2a99f55966,2,1,50.00
05aebce0b5c8f0d41b29b686f2d05fd3,2,1,50.00
0873d9f8f36123f8d910f4760e788cfb,6,3,50.00
08cdbae123ff67ca4e36d9d641ce0119,4,2,50.00
038b75b729c8a9a04b0d07cba7eabe86,2,1,50.00
553a440137d6e0cf776aee0bb83ac9f5,2,1,50.00
559d56f3b8f0bc2e5a9a62fe2ce2a39f,2,1,50.00
5659d77e8d90378e39b960ad5956f64e,2,1,50.00
538caafddff204241cecbf3a02e6b3cf,8,4,50.00
528bcf6680c36dddf07620bd35b33a6f,2,1,50.00
5275ca25d0358ca73864e0ae41be1320,4,2,50.00
4e85b538b0dad58852641540686d0e14,4,2,50.00
4342d4b2ba6b161468c63a7e7cfce593,2,1,50.00
4b98b0428fc1932cc2514ef9ce2505e6,2,1,50.00
324583d68897f5ddbaf38f6248322176,2,1,50.00
3a3e46d10f74d8a6ca76e2b538f106a0,2,1,50.00
fb8904a8ea99f8831b64ce27db2c1765,2,1,50.00
f9d010e39375d9c91dce3f40b73a2f84,4,2,50.00
f682e0f848abafc6f41e0d4e868c66ef,2,1,50.00
f7315bb81aea4ddca2d39e249a801c98,2,1,50.00
eebb3372362aa9a46975164bed19a7e7,4,2,50.00
ec2e006556300a79a5a91e4876ab3a56,2,1,50.00
eb9cd5b35d95206585e2185318cb5c61,2,1,50.00
ec8463980a4e0ea9f8517aea1ed0c419,2,1,50.00
e88165a185134e13fdfc85d4fa654db8,2,1,50.00
e4f121bf6ef8b9a1d4d3e65dd0473fab,2,1,50.00
e09887ca8c7bf8a4621ce481820414ef,2,1,50.00
d8d9567d0bfb0bc7eb845a205ba42657,4,2,50.00
dd4d95ba2d15c071e6c695e2ef6ce169,4,2,50.00
b0b346d3a89f5eb4c2968af3f083cd43,9,4,44.44
95b293867b5862941c9cd74f756a3c68,9,4,44.44
38e6dada03429a47197d5d584d793b41,7,3,42.86
5acd070dd3fe441bbb2ec1f1ede515ee,7,3,42.86
26e2c91ef821e1ff8985f408788fe35b,12,5,41.67
05e107217c7266362fd44b75b2cd4cc4,5,2,40.00
55c96925041a14097b6a7825554f4ad5,5,2,40.00
397c4d0c005b6f41f90098ac724e28cb,5,2,40.00
83b08de96980757220871b31bf6cffca,5,2,40.00
70125af26c2d6d4ef401a1d02ae7701f,5,2,40.00
6ee85be3693ed79a8e80718743d80655,5,2,40.00
6cf476a4ca74498db55cbccdaa9dcfb6,5,2,40.00
fa74b2f3287d296e9fbd2cc80f2d1cf1,5,2,40.00
02dcd3e8e25bee036e32512bcf175493,13,5,38.46
0725b8c0f3f906e58f70cbe76b7c748c,16,6,37.50
3e8bd881d92466e63ba9e3e809cd3c50,8,3,37.50
821fb029fc6e495ca4f08a35d51e53a5,24,9,37.50
c990d6cf976a5718aaedc539f383ab88,8,3,37.50
f76a3b1349b6df1ee875d1f3fa4340f0,24,9,37.50
ede0c03645598cdfc63ca8237acbe73d,43,16,37.21
d9e7e7778b32987280a6f2cb9a39c57d,11,4,36.36
cb41bfbcbda0aea354a834ab222f9a59,11,4,36.36
5b581417df4480f632484ba681e53944,11,4,36.36
02d35243ea2e497335cd0f076b45675d,14,5,35.71
835f0f7810c76831d6c7d24c7a646d4d,42,15,35.71
83f2b4881141ce3fcd4e985125d3279e,3,1,33.33
8a40ae794fa3f9892cee24bd5af0488b,6,2,33.33
8bd0e3abda539b9479c4b44a691be1ec,6,2,33.33
8759e7aedd644f487315e5860962f162,3,1,33.33
88ae906ea2acf6971f26c3e8b7cb4357,3,1,33.33
9539213aa8e023c01937bef95dc006da,9,3,33.33
8fec2e460530482132c436cfb5439925,3,1,33.33
8fbe2ee446b97e128471be4ce983dc0d,3,1,33.33
714b9a1332840f257b49f476bea4e341,6,2,33.33
79a679c36c08d606b3fd47ead9de109b,3,1,33.33
76c47a299e4a8fe992316a85865acbe9,6,2,33.33
c522be04e020c1e7b79f3acff36513d5,6,2,33.33
b87a7ea0c30fad2dd6781b74a0064859,9,3,33.33
ab3e0c171fe84a7ba7de130f19cfb485,6,2,33.33
ab91571efab27993ff2f6b36e38055c3,3,1,33.33
b43d8b707f887a30f4675391098354a0,3,1,33.33
b56828a9f9027f3c918c04ca720d9e3c,3,1,33.33
9b522ba7eae9e1d04082f267144583cc,3,1,33.33
9da1ca0bef29ee170e541927a5aeabdc,6,2,33.33
9e9b539eb2806acee3f5c28085c1db9f,3,1,33.33
a56e351445e5863fc8960640ba9190c7,3,1,33.33
a67780aba9dd436e7ac0aa1f889e73ec,6,2,33.33
aa762680c40618316a896838866140ea,3,1,33.33
03bd479e1d9484cdb14104d3023f7321,3,1,33.33
042573af89b6d931f672efaf789d8358,3,1,33.33
0dfbed20065e425d2eaefb101f9816c0,3,1,33.33
1099a00e0ee3a50935e6c2447ca090c5,3,1,33.33
13dd308f81fea30cc670c656b2b46cc3,3,1,33.33
13fa2a6c6b9d0f43cb588d7c82117a12,9,3,33.33
15ead3a5037a918ddb520dfe39a3d2b9,6,2,33.33
269c5fc9fcadee614364c3620c30a1f9,3,1,33.33
2379bdc3888025689a9deb7b141507d5,9,3,33.33
2ba91c7ad80ff88b23b7db823b43c233,6,2,33.33
191d55f7edb8524d525ed01b20fe32e8,3,1,33.33
1ca4bdb0cd7fc48e949bac066188ed26,3,1,33.33
1d0997ff06b524ce9289ffd75114ecd3,3,1,33.33
5e49e3a44bdeb5aab2684258bbd4f525,3,1,33.33
62760d278921b5f352461620d68a9cee,3,1,33.33
60da8bfa7eebe230b7d66ac4082d79b3,3,1,33.33
578fa3a9cb6b6dceab39231ad59cdaca,3,1,33.33
4fb41dff7c50136976d1a5cf004a42e2,3,1,33.33
52956b80ae65fda598f06f6b9943e7a9,3,1,33.33
3d700782d7818f2c1e0d7a9e9d75fc00,3,1,33.33
3d3ccf2b2f8134b10dce9dd446f0e075,3,1,33.33
31be790e64fc99f8ff48ec2bd18a3104,6,2,33.33
3442f8959a84dea7ee197c632cb2df15,3,1,33.33
35857757f553273b1056c1cabdace7fb,6,2,33.33
48bad451945f5227341793478d6353ea,3,1,33.33
47648caee88ccfe951fbb27fbf7b4cbe,3,1,33.33
d3dcf0604eabf0224fbd5948b5e02f69,9,3,33.33
d7b2377bae6ace1b11fc69a11900ac36,3,1,33.33
e64d65bc8dbec2accda90c58de5d1246,12,4,33.33
e82de6494d91d3c4c54450f59b227a94,3,1,33.33
ebef8d8c92b4fd3226e5d407bbff21ac,3,1,33.33
f6122bc84774df1b372bdb3bb88ddb9f,3,1,33.33
54965bbe3e4f07ae045b90b0b8541f52,73,24,32.88
ad781527c93d00d89a11eecd9dcad7c1,38,12,31.58
b19f3ca2ea475913750f25a5c37c8d8f,19,6,31.58
5f67c6082caacb26e431a7b17940cece,13,4,30.77
13074f016982ff2bd6c58ced8682f000,13,4,30.77
0417b067eeab773d2f7061a726dc477f,13,4,30.77
054694fa03fe82cec4b7551487331d74,20,6,30.00
59cd88080b93f3c18508673122d26169,10,3,30.00
7f152321c60a266edc53af1925ef96c1,20,6,30.00
e504a4e2efaa45cbff7e268a2c58c956,10,3,30.00
d32e3909cfb714fb2a6cb092c85b9c5f,10,3,30.00
ec4608a1f76453166bb312b2968aeaf4,17,5,29.41
c4d51195486dc781531876a7d00453d8,17,5,29.41
7fc87cc3e89b3d1d5cabdca32f8485aa,14,4,28.57
7daca0837f033a41a6f3428c18657533,7,2,28.57
79565f7d5603b24ddf07ade262547f2f,7,2,28.57
6e4a902d1054e4e17aa6eab87fac1c75,7,2,28.57
5b35136197710e16ac5e7b7c2bd4ea85,7,2,28.57
656591be56071d4c9ef4e5fee78a578a,7,2,28.57
4e5725ba188db8252977a4f0227bd462,21,6,28.57
4c61e37f664c3c88aff092aa5ac779d7,7,2,28.57
20b54c376b794ed028df09a3cd88e8dc,7,2,28.57
2c3d56f92f360fb89d849b84e8f50eae,7,2,28.57
2bf28e311bba65237358230cabac3f15,7,2,28.57
f3295428338a40977a03f555246a70f4,7,2,28.57
d5b9a084373da994a6e37f732169a853,7,2,28.57
e3dd723429d1b23614b7fa85e2c7a853,7,2,28.57
822bad9bc42b51213ba522fe87b7ab5d,18,5,27.78
91f0eec23d4a61d7d7caeefa3f0ad1ca,11,3,27.27
eb4df17aed01d918c65f0f8d650900c0,11,3,27.27
2a1348e9addc1af5aaa619b1a3679d6b,48,13,27.08
3a1a1fec38dd360f15fc912e821e169d,15,4,26.67
66e0557ecc2b4dbea057e93f215f68d8,30,8,26.67
a44fb5a447105f8469bdf16bf9159f25,19,5,26.32
a49928bcdf77c55c6d6e05e09a9b4ca5,96,25,26.04
ef990a83bbea832f36ebe81376335aa8,43,11,25.58
f22a247b79dd22ecd91dc8e3b2a1b07c,8,2,25.00
f1b93673502375d491780bb49d615dbc,8,2,25.00
fce62094ffe6a4009188ec44e681dfdd,4,1,25.00
ff69aa92bb6b1bf9b8b7a51c2ed9cf8b,20,5,25.00
e9729944ba65dc3ce425e0c5a22ae7b2,4,1,25.00
e5f9e61ceb5f523cc966e0f34095032f,4,1,25.00
e5d4b2b0c3bca22085f7a19a28de0c42,4,1,25.00
a13aaf2d2886ab9fb30fb9a920160b8f,4,1,25.00
9bc484c87d79cd4874e05ca182658045,8,2,25.00
aeb36d67f1414f234d42a29e27cf1f17,4,1,25.00
b5abf4f36adc043117b4fca82c22984c,8,2,25.00
b5e3e38609125694d2ea2417522a60b7,16,4,25.00
b37c4c02bda3161a7546a4e6d222d5b2,4,1,25.00
c37b2059d4f90d4feead554e5246565e,12,3,25.00
bd4ff04377f974574f7f0bf9d6ce7dde,4,1,25.00
beadbee30901a7f61d031b6b686095ad,64,16,25.00
b98b715fe9e276204e2a3464f48cd796,4,1,25.00
c8660dcf9ba70575f45d80fe28c27713,4,1,25.00
8d899e15a5925f097cca50faa49b15e3,4,1,25.00
9485a23c0430ba1d58d359391606fce6,4,1,25.00
9853a239ab7b7ebbdc3a21248d5b8e1f,4,1,25.00
6bd503a8230299c9316fb0f726933927,4,1,25.00
72146da5774cabf2632faedcae097a76,4,1,25.00
7a91bf945c6fae0779f1c61ce97fe45c,4,1,25.00
74636e24f01da9268b0ed88dacd8513e,4,1,25.00
5b0cc932433fa5184b5b94bfe6bcc256,12,3,25.00
579891617139df7d8671d373f0669622,8,2,25.00
52a50b42accf164f9f019941e5759d9b,4,1,25.00
32f1bb9dfa65bc7df5c0d9d95a616be4,4,1,25.00
4dc646b9b9e8e411ef48ba000ea3ac6f,4,1,25.00
4deebb3199eeafb282ae33229144f94b,4,1,25.00
4170f6a9367e6b5d6401d03ce6d54569,4,1,25.00
4091f77d8c768fc3e81c20761471761d,8,2,25.00
2b5ed0c9139dae8883a200dfcb272ece,4,1,25.00
1dfe5347016252a7884b694d4f10f5c4,20,5,25.00
1d1bbb8ac1581824986f582583fff01d,4,1,25.00
1d2732ef8321502ee8488e8bed1ab8cd,4,1,25.00
1976a05ecf2996d6ffb7b5430e635fe7,8,2,25.00
0692610d8abe24f287e9fae90ea0bbee,4,1,25.00
09883d9ab71c8fe8a9bfc7fc3075b07e,4,1,25.00
0aea4c6ae1505b3228ddf3dd7822ee5b,8,2,25.00
08061dc0fc165ed41288cc7acde738ee,4,1,25.00
081acf3de680d554796c9cf041be7bc2,4,1,25.00
0f0c984a4a955310903b6b6008660bad,4,1,25.00
0d83f8e03188682112cc0d93523705cc,4,1,25.00
cac4c8e7b1ca6252d8f20b2fc1a2e4af,74,18,24.32
53d00c40e32aeb924a84ce72b1af869d,17,4,23.53
5bc55dbe2f12b6af6d83ed46023e0dc8,17,4,23.53
06a2c3af7b3aee5d69171b0e14f0ee87,389,91,23.39
1ca7077d890b907f89be8c954a02686a,108,25,23.15
5abb8ea023c77787f2c15da891c8d384,13,3,23.08
36890be00bbfc1cdb9a4a38a6af05a69,13,3,23.08
602044f2c16190c2c6e45eb35c2e21cb,48,11,22.92
71039d19d4303bf9054d69e9a9236699,35,8,22.86
99a54764c341d5dc80b4a8fac4eba3fb,44,10,22.73
9449f25aeaf531019b76999ea49a6949,9,2,22.22
85cc55e048b6bcc90c75afe7f0e72f72,9,2,22.22
c878515173c84a492ebe50d6b493230b,9,2,22.22
c7fdb77fdbff3c41981bc52f787e959e,9,2,22.22
6039e27294dc75811c0d8a39069f52c0,63,14,22.22
5ee7fd217d08dfe5d3e2f51f96a12c9a,9,2,22.22
5eeb9c756d9780b96283e5a2ac6da334,9,2,22.22
2dcf93836ae3ce0d7c93e2f10876467a,9,2,22.22
e1b12447a7563944843191754aeb5562,9,2,22.22
f35b3c613c4f7b2275f4185d0a3c59ec,9,2,22.22
712e6ed8aa4aa1fa65dab41fed5737e4,77,17,22.08
ea566164622c6b439516ab18062c42cd,50,11,22.00
88460e8ebdecbfecb5f9601833981930,246,53,21.54
ca4b77513ac2040591b0d8fae6958380,14,3,21.43
bce6a5ecf98e99fd2a8868b15c51f04b,14,3,21.43
28f10b1c5e5abb9d4857745bede6147c,28,6,21.43
2953ce3a88f5e3c3b696d77fc9e4c8eb,14,3,21.43
d13e50eaa47b4cbe9eb81465865d8cfc,66,14,21.21
e5a3438891c0bfdb9394643f95273d8e,216,45,20.83
c60b801f2d52c7f7f91de00870882a75,39,8,20.51
0bf0150d5b9d60d9cd2906003332f085,39,8,20.51
167fd940acebc789debd6eb418c46e38,5,1,20.00
039e6ad9dae79614493083e241147386,5,1,20.00
2709af9587499e95e803a6498a5a56e9,25,5,20.00
282c7480173bb9c01dd41cc739fec010,5,1,20.00
2aa3443d7bf9d9bb11133f420d75e083,10,2,20.00
1a932caad4f9d804097d7f8e615baed1,20,4,20.00
180c3376aff0e43dd5788709df48a843,5,1,20.00
615005a3ef192c00c6f0e977cee3d2bc,10,2,20.00
56e361f411e38dcef17cdc2a3d99628b,5,1,20.00
5236605f4d4b0b3e4df85b850393fca0,5,1,20.00
3903c788ded8dc03b5ebab37a2f3e9a1,5,1,20.00
3fac58ce0ad699020c7944d53c41329c,10,2,20.00
3fd1e727ba94cfe122d165e176ce7967,35,7,20.00
46ef1a25845fc051c2998d878354810c,5,1,20.00
4b1eaadf791bdbbad8c4a35b65236d52,5,1,20.00
bdb3edbaee43a761e2d4f258dc08f348,5,1,20.00
be8e909810184b9b19e886129149d8e5,15,3,20.00
bca9230d3bbb4efa51872bf605a2f1ad,5,1,20.00
cf1313c6e2c01c2f4b014f97db4bcd2b,5,1,20.00
b4b447d715f9ab302a188fb43d3e96b3,5,1,20.00
b566ab0ef88016e00422755e305103c6,5,1,20.00
9cad4b68bb993ee401a3c5aaa2bc26dd,5,1,20.00
9d489893ff6af05029671b785f54b998,5,1,20.00
a13580f0e8f782b7a543885a0ef99f08,10,2,20.00
a066df7361163e7ddc5d7452dd17448b,15,3,20.00
8b655f0855926bcb49f5835d38dfddf6,5,1,20.00
851773c885feb5e2da3b4f82bc2b17ce,10,2,20.00
83353a83fd769dfafa4f21a72b15e3e5,5,1,20.00
81336a0f57a33776419727a300249e90,15,3,20.00
8e34331b7eedd03be4e5d965c1956225,5,1,20.00
921323538c9f1c4e816f2720eac02bea,15,3,20.00
717b78b0950b51ed00b1471d858b0edc,5,1,20.00
6bd69102ab48df500790a8cecfc285c2,5,1,20.00
6861de0f40cacb0602e473c51639f980,5,1,20.00
6ec1a01e866584bb679eb9b098345919,30,6,20.00
741f8c587cb4248ebc5b779a0e8e0e51,5,1,20.00
7b7ed56ae755e2880f2b69632e839c1e,5,1,20.00
7b8e8ec35bad4b0ef7e3963650b0a87b,5,1,20.00
e819bcfade7b5d88a27325eb6cfd62c5,5,1,20.00
d5c530f4884a75ae0dba9c148718d278,5,1,20.00
d79e8478eed9999493990b44955fb22e,5,1,20.00
f44bdc12aa39f5271f0b95f66cd4c289,5,1,20.00
f783a638e9c6af4a7d0dbfde811e7a81,5,1,20.00
f8201cab383e484733266d1906e2fdfa,10,2,20.00
f918546be4bec7104d117789ba758b2b,20,4,20.00
f92d8c817434bd2d84d4e9c61322b7fa,5,1,20.00
2a261b5b644fa05f4f2700eb93544f2c,51,10,19.61
e0878efa0e0b7e5313ac0b43bc04c081,26,5,19.23
e99e927c81e3f51739c94fcdfca9f10f,21,4,19.05
8160255418d5aaa7dbdc9f4c64ebda44,380,72,18.95
89bc797e2e29667aa035d4368f9b7f92,16,3,18.75
86bb7c4b535e49a541baf3266b1c95b1,16,3,18.75
adcf50477d6a1f5d91bb9d54c4903cb5,16,3,18.75
099095b050cfe8eb1ddff5317587e96e,16,3,18.75
08d2d642cf72b622b14dde1d2f5eb2f5,16,3,18.75
e3a386fc36e22064434e1fa256f6a9fa,16,3,18.75
d17f467e4bf608a510c20d82f4ba3b6b,11,2,18.18
d93919c944be9cff128f6c9cb899eacb,33,6,18.18
f08a5b9dd6767129688d001acafc21e5,11,2,18.18
082e0bf4cb865a6533b1e8e498cc0255,11,2,18.18
04aa0a1c5ce6b222003403a3e11c3cc0,11,2,18.18
0249d282d911d23cb8b869ab49c99f53,11,2,18.18
1b7e5006cb25dd23ce8686691013b121,11,2,18.18
39c763cca83e654764b7a4a650fb9b7c,11,2,18.18
b55638ad525e906c698fa2ce742c1742,11,2,18.18
cb5df0dcb9e280b1780e9d589889f2c7,11,2,18.18
bc07d855eac23aab5ac8a120f21d16b2,11,2,18.18
7586919161935337bf6b6d7ff5779648,11,2,18.18
7901646fdd36a55f564ffaf2dbccaaf7,22,4,18.18
cd68562d3f44870c08922d380acae552,122,22,18.03
b17b679f4f5ce2e03ce6968c62648246,50,9,18.00
002100f778ceb8431b7a1020ff7ab48f,50,9,18.00
0b35c634521043bf4b47e21547b99ab5,50,9,18.00
6973a06f484aacf400ece213dbf3d946,89,16,17.98
d97df38225e5abadaff1e72cb72b823c,28,5,17.86
6bb0724edf0b62fb91ac404873a97241,17,3,17.65
768a86e36ad6aae3d03ee3c6433d61df,17,3,17.65
863d2ebcd347ce4922de7a0f9a5581d6,17,3,17.65
891071be6ba827b591264c90c2ae8a63,85,15,17.65
b64d51f0435e884e8de603b1655155ae,17,3,17.65
9f50216bfd01913736a55a11b55ea842,17,3,17.65
9c068d10aca38e85c50202e17b4a7e88,17,3,17.65
2a61c271b1ac763450d846849783e922,17,3,17.65
49067458c68f7701fd334ce326accbe0,17,3,17.65
d20b021d3efdf267a402c402a48ea64b,86,15,17.44
e7df4cd29ab5abab70fb0783ddb53987,23,4,17.39
323ce52b5b81df2cd804b017b7f09aa7,29,5,17.24
850913d59ce317156b00f3705f1c3edb,29,5,17.24
ec8879960bd2221d5c32f8e12f7da711,35,6,17.14
dd55f1bb788714a40e7954c3be6df745,35,6,17.14
11bfa66332777660bd0640ee84d47006,76,13,17.11
834f8533b2ecb6598dd004ff3de7203a,41,7,17.07
80f2cf9abf6b5a0e5c612b5eea6646e6,6,1,16.67
8b9d6eec4a7eb7d0f9d579ce0b38324d,48,8,16.67
8e6d7754bc7e0f22c96d255ebda59eba,84,14,16.67
9906e7aa42a3c067b7c9a564d01c4320,12,2,16.67
78744a20ee2f80ba64f6804c25def2b8,6,1,16.67
7ecd59e5e20407131822c1a68ac59c1f,24,4,16.67
7f40d06aa0b5f1aa4f41af8c0480e2ef,6,1,16.67
71271995e85f5b8530be99ed54a91b89,6,1,16.67
70849ca4f400aaabb62cb7462a6f1428,12,2,16.67
a1474fd46fd3430168f7ec202da39408,12,2,16.67
a254c682cc01e119f83530446f1df9a9,6,1,16.67
a4b6b9b992b46e9ef863637af96e04bc,6,1,16.67
a63bfbaa882c8f4542891b4e2246cc7f,6,1,16.67
a64e44665225d19dfc0277eeeaaccc57,6,1,16.67
af7cdac9d9897cddead9c6b08976c642,6,1,16.67
acadd4d36859671cb635527c6c977533,12,2,16.67
ccb83a794700270fde70898fe9ff368b,12,2,16.67
cf8ab1616079e2793aa29d524df01bb1,6,1,16.67
bc503e244f187939d10c92a5c8e378ce,6,1,16.67
bbaff50f3b708fda865918715276cd87,12,2,16.67
bd15ee794d5e640d9dd71b665b2ab15b,12,2,16.67
b8630e1121437d41cb08e3c749c2c2e2,12,2,16.67
ba6ce6de456f6c11d08c17701ba5c26f,6,1,16.67
baa49d93c8c8841e27400a300f5d74b2,6,1,16.67
c5e60e39c0f42b8e827daa13cff74afa,6,1,16.67
0e44d110fa6a54e121cb2c095a77762f,6,1,16.67
179d859f51292aac5c10806a356f7af9,18,3,16.67
13511db12ac61e2f89c53b72a944a60b,6,1,16.67
14ee35374a7876217954b5fa08e50463,6,1,16.67
2e1a7d075abe038c1b2743005fe42ff1,18,3,16.67
28ea411b354f14b1a494be4e79f0ce02,6,1,16.67
38874e327ce94d11390b96eb42d61928,6,1,16.67
3afc536624bc2e65bddfb5db33cc01f3,6,1,16.67
3f2af2670e104d1bcb54022274daeac5,6,1,16.67
3dfd3dc96f7f8598eca74e9ac8a2fa31,6,1,16.67
50770d25768b0486d89be26afca3108f,6,1,16.67
5d378b73ab7dd6f0418d743e5dcb0bd1,6,1,16.67
d93844a9c55ba7ce353388bcf849ea56,12,2,16.67
d6b664fa0667064c6d76394e7848d790,6,1,16.67
ecccfa2bb93b34a3bf033cc5d1dcdc69,12,2,16.67
eba88037e1dca898cd02881f67ced679,6,1,16.67
e45edf75f568ed2f93f78d060e246e25,6,1,16.67
ec80e49e69745ab6c14f984bf2149423,12,2,16.67
edd066cd02126d7800f9b66e980e9931,6,1,16.67
f419677537694f0462a91990df6ca44f,6,1,16.67
fe87f472055fbcf1d7e691c00b1560dc,6,1,16.67
dd7ddc04e1b6c2c614352b383efe2d36,121,20,16.53
abe42c5d03695b4257b5c6cbf4e6784e,49,8,16.33
b18dc380845b24038cfc48006478f099,43,7,16.28
3c03b12bab54d8b37d79d914bfdb1aa0,37,6,16.22
bbad7e518d7af88a0897397ffdca1979,68,11,16.18
2c9e548be18521d1c43cde1c582c6de8,124,20,16.13
070d165398b553f3b4b851c216b8a358,31,5,16.13
3b872fd4747f01cc56206f2934198618,25,4,16.00
a6fe7de3d16f6149ffe280349a8535a0,50,8,16.00
adbc26658d6c7b4b6219f9d934598091,88,14,15.91
7bac63f6603d382cc8d0832eb6c100a8,19,3,15.79
75d34ebb1bd0bd7dde40dd507b8169c3,57,9,15.79
4c8b8048e33af2bf94f2eb547746a916,19,3,15.79
67883baaae6134ee81b271a542613728,19,3,15.79
52f0fe436a347ddad7ed5f9aa4e27eaa,19,3,15.79
05f51e13da97139648b8125c31e5f51b,57,9,15.79
04e38a233f726ef161074ab1c9b0399a,19,3,15.79
f593898ec748b7a8cb81fc04edafd98a,19,3,15.79
ba143b05f0110f0dc71ad71b4466ce92,83,13,15.66
f7ba60f8c3f99e7ee4042fdef03b70c4,218,34,15.60
431af27f296bc6519d890aa5a05fdb11,116,18,15.52
3f3486b61f45078d4f31ee5e43d8c5bb,39,6,15.38
3771c85bac139d2344864ede5d9341e3,26,4,15.38
562f8cfc51f265411f487d07e9c40e7f,13,2,15.38
655220df33262c7e0c4949a147366f94,13,2,15.38
5b07547f10dd980738a1a27f685af669,13,2,15.38
00720abe85ba0859807595bbf045a33b,13,2,15.38
cee48807215b30a12ca2ca10ffb5f250,39,6,15.38
7c4618c82226628831613e95e9c22f44,13,2,15.38
6f229cc508fc6915ed5c499efd93baa4,13,2,15.38
8d79c8a04e42d722a75097ce5cbcf2ef,26,4,15.38
b561927807645834b59ef0d16ba55a24,85,13,15.29
8f2ce03f928b567e3d56181ae20ae952,151,23,15.23
ff1fb4c404b2efe68b03350a8dc24122,46,7,15.22
0ffa40d54288e4f3499b8780dd0f144f,33,5,15.15
a888faf2d1baececa6baf9c3d603ee1f,53,8,15.09
f08c008c8a8d31417763738a1788a2a8,20,3,15.00
7ad32824caee82087b3e2e5f33b1bf32,147,22,14.97
b2479f944e1b90cf8a5de1bbfde284d6,101,15,14.85
4aba391bc3b88717ce08eb11e44937b2,27,4,14.81
e96498ed8daaa3e9c23f7a62da76591c,34,5,14.71
23c38debaffe4a25a30fdbd9b586a13f,41,6,14.63
2089a6d640999f9b9141ac719b2af596,41,6,14.63
23613d49c3ac2bd302259e55c06c050c,69,10,14.49
855668e0971d4dfd7bef1b6a4133b41b,300,43,14.33
8378eb36b6b70c5734e83ad7b8cdc3b7,7,1,14.29
87e24fc7052259b1f7f607d61c10d8be,7,1,14.29
9a03a4e9eb0b947652fae4f6121a3f5e,7,1,14.29
94b9108d4b637ba65bb4f1e53cfcf8d8,7,1,14.29
78a4d36f65a019172c6154468831a69f,7,1,14.29
7ecef8194babfec876ca720714327841,7,1,14.29
7d7d2b7a51328016102d4528c411d630,7,1,14.29
b248792ac0b60ec3f93d80af1b4fae47,7,1,14.29
ac6417315ae5da8f9a38ee11de6f7780,7,1,14.29
b3b17aab11f273023a5f22ca52e1eb70,7,1,14.29
9c7fd21e0aa159b20da593371f08ff7c,7,1,14.29
c679fb69a36e1d8349e8c50a217b4d58,14,2,14.29
2156f2671501a81034d7d07f217609d0,21,3,14.29
218f991754f360af9c2daa5e0b8e990c,14,2,14.29
20a8b0dc55da94fe74d112082427c84f,7,1,14.29
2d50d6282f8aa2257819a77bfaa0efe0,42,6,14.29
2b03ac196f5ed62ac483960fe0fa3b65,7,1,14.29
2e7ea2aafec5835e781b21d6d1faf1f1,7,1,14.29
2f09f7d37a97956d11cc1a7cadd5262b,7,1,14.29
0ed6ce5d87fd9c69eaacaeb778d67235,42,6,14.29
13f57c12a00ed4610db646b913a7f5c6,7,1,14.29
014c0679dd340a0e338872e7ec85666a,14,2,14.29
411f3b52d857390502ee4e4d5ceabc2d,21,3,14.29
45213867cefbf2cd4c6177e10216a951,14,2,14.29
37dd29b36c458d82f74a953c40c43645,7,1,14.29
35fb511489d9ee3ee27a76debce9df06,7,1,14.29
3ade81dab5a172b88e1871c28ae05260,28,4,14.29
57c764b4a836300be881e2ff86e449f9,28,4,14.29
5a413ade68e8f8d93071a7f52a64cb9e,14,2,14.29
51ed72984a04e5dd35c2b27e77179038,7,1,14.29
4ef4c39cf3c24f326434cf0b2e48046a,7,1,14.29
e4ebd3f87bf70440014f07ddda7fbe03,7,1,14.29
f3da5b2ff499efb8d4a6d371d175d7dd,77,11,14.29
ffeee66ac5d5a62fe688b9d26f83f534,14,2,14.29
fe26f3ecb51a15e6d8335cd92da42562,7,1,14.29
fa3a0b5aabb344b9a92e3524b0202123,7,1,14.29
c31eff8334d6b3047ed34bebd4d62c36,120,17,14.17
fffd5413c0700ac820c7069d66d98c89,57,8,14.04
50c9975695009e5e6473912e83a6d1da,50,7,14.00
048c2757535328e0d7dac690ad3c0aae,50,7,14.00
900ba814c251a692506d7834c1218441,86,12,13.95
2eb70248d66e0e3ef83659f71b244378,187,26,13.90
e2aee0892199b1d92530e371abd825bf,36,5,13.89
1eade46fba20122dc4aefb379f8c636b,58,8,13.79
7681ef142fd2c19048da7430856b5588,58,8,13.79
7b1222c3624aa89b9558b50a2594188c,22,3,13.64
7139dc5186aa238b006e066d8fbab2e4,22,3,13.64
903037660cf848a717166eb7a06d616e,44,6,13.64
13d058e4eeac2ce8217660b2f8a05812,22,3,13.64
39d54ff918774174706fb065d7f9dc07,22,3,13.64
406822777a0b9eb5c50e442dd4cd3ec5,44,6,13.64
b499c00f28f4b7069ff6550af8c1348a,147,20,13.61
7aa4334be125fcdd2ba64b3180029f14,214,29,13.55
14d7985702e72162bbf13b6beb74ab2b,37,5,13.51
f84fa566034f5e8e880a07ec624c56af,89,12,13.48
6fd52c528dcb38be2eea044946b811f8,67,9,13.43
2e90cb1677d35cfe24eef47d441b7c87,127,17,13.39
a416b6a846a11724393025641d4edd5e,157,21,13.38
a6bd7d1ccdac48c6b33b28596b7eb122,15,2,13.33
b74d1c09cb380e1d03a6f859c6f4224b,30,4,13.33
c4fb51fb1c5b7c07bc5e67be6e7e8f6e,15,2,13.33
c8467937e403e76a8ee9f0ab13f6f5ef,30,4,13.33
989becdce12ebc39863c2bceab6f3ca1,15,2,13.33
8b8cfc8305aa441e4239358c9f6f2485,15,2,13.33
820cc752a266cdc6c1a1e61dd4583330,15,2,13.33
2646baaf662d4d92ac48f047e35db92d,15,2,13.33
55bb6fe5bebe5012e2d7d9928e1128ff,15,2,13.33
67bf6941ba2f1fa1d02c375766bc3e53,15,2,13.33
e38db885400cd35c71dfd162f2c1dbcf,30,4,13.33
440dd6ab244315c632130ecfb63827b1,91,12,13.19
06579cb253ecd5a3a12a9e6eb6bf8f47,61,8,13.11
23a0ffca143a15b9b5bbdb7d552f626a,23,3,13.04
681fce914360217db47784ae28905a96,23,3,13.04
977f9f63dd360c2a32ece2f93ad6d306,23,3,13.04
a36b125ac6d5fdbc7f50de85c9157bdc,23,3,13.04
d71d863e5ef30d94e440c11be17dcd8f,23,3,13.04
1835b56ce799e6a4dc4eddc053f04066,417,54,12.95
5058e8c1e82653974541e83690655b4a,62,8,12.90
78c99c6dff4eeae5be99bf635ed21e3f,31,4,12.90
7e1fb0a3ebfb01ffb3a7dae98bf3238d,155,20,12.90
e62b2d6ac10570a035a30bafcf01d263,62,8,12.90
dd533b429f380718b70ad9922c294bae,39,5,12.82
a673821011d0cec28146ea42f5ab767f,125,16,12.80
59b22a78efb79a4797979612b885db36,125,16,12.80
4c498c7345e89aebad651544829beca0,47,6,12.77
b33e7c55446eabf8fe1a42d037ac7d6d,149,19,12.75
3df020b72d3d44b3af9d110fa3940b65,55,7,12.73
406740ee611378a662d274c7d8c43c4a,8,1,12.50
439a47cc365d6e3bd526812ea9de3c29,8,1,12.50
3935fe5fe0f82787a9dcb8deb62be09d,16,2,12.50
3968920b9aa752ab98f7d5888c9252f2,8,1,12.50
3d4824f20035949c710eaf111f869d39,8,1,12.50
3492e68f37fd1df87f4f2f2ea247f445,8,1,12.50
577719699805dd125d5b6fdde5943bba,8,1,12.50
4e8dacf3d38f281ae26c3e0321d92d88,8,1,12.50
67225bff54a172ff67579aaf583efd78,8,1,12.50
6562efe88ce0826a4ca4f189f03b4b84,8,1,12.50
610f72e407cdd7caaa2f8167b0163fd8,16,2,12.50
5e105f5c9f63f5f1fd75d6cb942e55b1,8,1,12.50
1dd33b8119b3cb1056ed5dc88cd0aaf4,8,1,12.50
27a56ff04b34c2ba34ce6ba4d3b9d616,8,1,12.50
2d2322d842118867781fc737e96d59a1,8,1,12.50
2d2c62bef4c8ba0dd74e0e228e808539,16,2,12.50
04fdea0c111866e6cf812f1570d6b5bd,8,1,12.50
15fa791d5e017f66402dc28c44480657,8,1,12.50
b33aaadd1a8891d2dfef0c4c3bdf0371,16,2,12.50
ad97a199236354e53fcd91a5a913e9a2,16,2,12.50
afa6714acee029b2dfdf357e5579cc03,16,2,12.50
a2b5b6105ea5942300631d2e76f4ffe0,16,2,12.50
c6218512d16fcac0af02fe92691cf274,8,1,12.50
c794dab4928dd97beb41d05514441e86,16,2,12.50
c35affa65afd250151285c5917fc1c8a,8,1,12.50
c1ed9e3daf6154542826a6996af0fb8c,8,1,12.50
ba6b4a237f92479743cf0ca06b67a9ac,8,1,12.50
7bcd7c5f8631701474db233ccf1c094b,8,1,12.50
6e0908ef4d4efadbc3cc2b74ea477cb0,8,1,12.50
8f580d36c1e9d6fbce95283403c7d447,8,1,12.50
81783131d2a97c8d44d406a4be81b5d9,8,1,12.50
8a9260f2b0340411d6d2a56bcf4f7378,8,1,12.50
e89c4adbe7b1d0819dbb636e16461cf1,24,3,12.50
e8a85b5f3df47be0984c55fd4064dbb4,8,1,12.50
e83c76265fc54bf41eac728805e4da77,8,1,12.50
f62d7bb4a613ec758a03342d46b580b2,32,4,12.50
f46490624488d3ff7ce78613913a7711,80,10,12.50
f125f3a310c2e5f822d116147de1e474,16,2,12.50
fcdd820084f17e9982427971e4e9d47f,16,2,12.50
643214e62b870443ccbe55ab29a4dccf,65,8,12.31
8b28d096634035667e8263d57ba3368c,139,17,12.23
7d13fca15225358621be4086e1eb0964,558,68,12.19
897060da8b9a21f655304d50fd935913,304,37,12.17
b1fc4f64df5a0e8b6913ab38803c57a9,107,13,12.15
1caf283236cd69af44cbc09a0a1e7d32,33,4,12.12
d5ba419e26d246a0719437cf37d9b46d,33,4,12.12
d3f39f05462b79a4562d35893a28f159,33,4,12.12
7e3f87d16fb353f408d467e74fbd8014,91,11,12.09
c8417879a15366a17c30af34c798c332,25,3,12.00
198c7ea11960a9844b544d9bcdca860c,25,3,12.00
1dc2de47ee26a0a5b12dc14fd6dc0dea,25,3,12.00
23d7c96d4a1160db1c726b248601b25a,50,6,12.00
15aac934c58d886785ac1b17953ea898,25,3,12.00
165fc07beebdcb6190fba8a06db2a449,50,6,12.00
edf96ef93ed595084bbcbd9224bd2894,25,3,12.00
04308b1ee57b6625f47df1d56f00eedf,92,11,11.96
9c0e69c7bf2619675bbadf47b43f655a,151,18,11.92
1da366cade6d8276e7d8beea7af5d4bf,42,5,11.90
cfb1a033743668a192316f3c6d1d2671,143,17,11.89
77530e9772f57a62c906e1c21538ab82,312,37,11.86
c3867b4666c7d76867627c2f7fb22e21,228,27,11.84
0dd184061fb0eaa7ca37932c68ab91c5,161,19,11.80
0d85bbda9889ce1f7e63778d24f346eb,51,6,11.76
318f287a62ab7ac10b703ac37435a231,51,6,11.76
392e0502231ae2f8b29994ef6398cd77,17,2,11.76
3dbbce181edfaa4a597ec858c382d2ec,17,2,11.76
f63d8f293af3a6454377546bd9dd19ff,17,2,11.76
3db66a856d18a9cba7c9241fc5221c50,94,11,11.70
729f06993dac8e860d4f02d7088ca48a,94,11,11.70
34056b8b55c1775a22af2331670a799c,77,9,11.69
7d76b645482be4a332374e8223836592,172,20,11.63
4869f7a5dfa277a7dca6462dcf3b52b2,1124,130,11.57
06df0c10d34e459d9672bc77388742eb,26,3,11.54
77a515caa36327151d1cc6c32a9f00e1,26,3,11.54
b14db04aa7881970e83ffa9426897925,78,9,11.54
e5e33c0d8e7e002f398f5dc4cbbb338f,26,3,11.54
6fc26fe110feebd80a433e1f012a84f9,35,4,11.43
11305281b50fff20ae8bb473f8e11876,35,4,11.43
5343d0649eca2a983820bfe93fc4d17e,70,8,11.43
f84a00e60c73a49e7e851c9bdca3a5bb,88,10,11.36
4a3ca9315b744ce9f8e9374361493884,1772,201,11.34
457fe919b032a3f7dadba6fb92cf7855,9,1,11.11
382229d1e840115ffe3dbf5ff460e417,45,5,11.11
54c04bdb5ec46762f8f08c7e8f86ed4a,18,2,11.11
1782ce2db72c3dda627d5e7c898104e1,9,1,11.11
07de60b03d150fb3ea09eab5da5e4c8b,9,1,11.11
03a2a6dcbe45d639c4dc2a0d24769c40,9,1,11.11
1cbd50a8c52e6cf8e315c5709fab386f,9,1,11.11
1f1bb1f0859883505541bdd6606193e5,27,3,11.11
6eb94e1466490d327a09abf8f3552a50,9,1,11.11
7210cd29727d674c00741e5e387b3ccd,9,1,11.11
7813ea3ebd9411dc600b4dd01f7a97b9,9,1,11.11
7fdb0720c8d7c9075538b365dc8c3a22,9,1,11.11
972d0f9cf61b499a4812cf0bfa3ad3c4,81,9,11.11
99eaacc9e6046db1c82b163c5f84869f,63,7,11.11
b18871c324516afa228a13e8f1ef0ae9,9,1,11.11
b6dc74ed30f124f95227bed4e43a3bed,9,1,11.11
9e6967d3cf386d284251784b18ccb485,9,1,11.11
a1bea7061f61f6fdd9a85a6325ba1033,9,1,11.11
c500367424994318b9e779ff1ae9a330,9,1,11.11
c24173065483e421f9e5e7f599de101d,9,1,11.11
c0098efcf800861dcae589affca31408,9,1,11.11
bafc5aa11e413978be29040f51342e70,9,1,11.11
d1582f4043306e6b91afa6a8a884f898,9,1,11.11
f5f2ab9bdb6b30c14c61be68c5ed37da,18,2,11.11
f5f46307a4d15880ca14fab4ad9dfc9b,9,1,11.11
eb3071b9f0b0ddaa2df5ea130f09f26b,9,1,11.11
f181738b150df1f37cb0bd72e705b193,36,4,11.11
fe1bbc5feda5c8979a8a1b3b2512d5a6,9,1,11.11
f9ec7093df3a7b346b7bcf7864069ca3,9,1,11.11
e8dba4d70f7f2b20e775d09cae01142d,9,1,11.11
ea00f977a203ff88adf7057cb7806998,18,2,11.11
d51e0a403fe2e689ece6c73359d96e12,18,2,11.11
de9727ca376d1be6ec121b110aa7954c,9,1,11.11
d9bd94811c3338dceb4181f3dbc0c73e,54,6,11.11
daf565f087a52def0fd5c5825b3661bc,9,1,11.11
db2956745b3a8e9f3785c99f34b5d25e,45,5,11.11
e9bc59e7b60fc3063eb2290deda4cced,209,23,11.00
ce248b21cb2adc36282ede306b7660e5,64,7,10.94
1f50f920176fa81dab994f9023523100,1399,153,10.94
056b4ada5bbc2c50cc7842547dda6b51,64,7,10.94
70a12e78e608ac31179aea7f8422044b,312,34,10.90
aba1721a889e04decc910aa13b768ef4,83,9,10.84
0176f73cc1195f367f7b32db1e5b3aa8,37,4,10.81
0cbcee27c791afa0cdcb08587a2013a8,37,4,10.81
5b8154610ebb21fb90eb587365e673df,37,4,10.81
16090f2ca825584b5a147ab24aa30c86,398,43,10.80
1025f0e2d44d7041d6cf58b6550e0bfa,910,98,10.77
e9d99831abad74458942f21e16f33f92,130,14,10.77
f27e33c6d29b5138fa9967bcd445b6d5,93,10,10.75
8648b1e89e9b349e32d3741b30ec737e,93,10,10.75
c0563dd588b775f2e37747ef6ad6c92c,28,3,10.71
f12ff17ad8bbf01ec5c33b17e506649b,28,3,10.71
d1ef48b38baca7e831711c4a0aeb398f,28,3,10.71
ea8482cd71df3c1969d7b9473ff13abc,1132,121,10.69
4e922959ae960d389249c378d1c939f5,412,44,10.68
f5a590cf36251cf1162ea35bef76fe84,113,12,10.62
1900267e848ceeba8fa32d80c1a5f5a8,406,43,10.59
37515688008a7a40ac93e3b2e4ab203f,227,24,10.57
391fc6631aebcf3004804e51b40bcf1e,521,55,10.56
ce69a8021d18961dd2a40269b7c2c293,19,2,10.53
b494891378bd8f4560abe576c52deacd,19,2,10.53
9dda5bbacd45e18d6485fee649205d09,19,2,10.53
8581055ce74af1daba164fdbd55a40de,380,40,10.53
6d988d6174a2c27441597174f8905515,19,2,10.53
784ba75dd9d20200c4caed3d7a77141a,19,2,10.53
ef2fbc2b607d8492bcffe657a4645434,19,2,10.53
8d956fec2e4337affcb520f56fd8cbfd,210,22,10.48
522620dcb18a6b31cd7bdf73665113a9,172,18,10.47
f0b47fbbc6dee9aafe415a6e33051b3f,67,7,10.45
8b321bb669392f5163d04c59e235e066,930,97,10.43
70c27847eca8195c983ed7e798c56743,77,8,10.39
6e386f64c84e482f0b9abf960797ee1b,29,3,10.34
31da954dc0855f2495c6310f70a2f931,29,3,10.34
238fac594e170b59c6d228f5a4f4f1d9,29,3,10.34
ececbfcff9804a2d6b40f589df8eef2b,97,10,10.31
c9c7905cffc4ef9ff9f113554423e671,127,13,10.24
fa1c13f2614d7b5c4749cbc52fecda94,578,59,10.21
634964b17796e64304cadf1ad3050fb7,265,27,10.19
7c67e1448b00f6e969d365cea6b010ab,973,99,10.17
76d5af76d0271110f9af36c92573f765,128,13,10.16
fd386aa7bed2af3c7035c65506c9b4a3,69,7,10.14
f7ccf836d21b2fb1de37564105216cc1,69,7,10.14
e59aa562b9f8076dd550fcddf0e73491,69,7,10.14
d673a59aac7a70d8b01e6902bf090a11,79,8,10.13
54a1852d1b8f10312c55e906355666ee,198,20,10.10
4c2b230173bb36f9b240f2b8ac11786e,258,26,10.08
a3e9a2c700480d9bb01fba070ba80a0e,129,13,10.08
9dd59e43f0c9f0553244e8f9c2fb247e,10,1,10.00
9d39404483343dd55c7ae254494d8388,10,1,10.00
b4a476fbd28de64b1e347abf9089366a,30,3,10.00
b2c97074649f92197d9387d9033dda5f,10,1,10.00
b2ac621f0d0322434d04a12b078b9369,30,3,10.00
b16d3dadc47d4eb18be3d88bad0775ce,10,1,10.00
b127efdabeffb5d559349c7b172eb75d,10,1,10.00
c9aafcd0621b2207c10e32c649cada4d,40,4,10.00
c70c1b0d8ca86052f45a432a38b73958,260,26,10.00
c6a7539d424a8402232c2228d7a03c5e,10,1,10.00
cfe94489ddd337d1e29e12f2a7205d10,20,2,10.00
bb7a14e229b1c95156719c3d9552eeee,10,1,10.00
68f86ba270525243e68ae74044f992b9,10,1,10.00
8bdd8e3fd58bafa48af76b2c5fd71974,10,1,10.00
527801b552d0077ffd170872eb49683b,90,9,10.00
5ab05b6d86d417796c69ffd6774ec832,10,1,10.00
5a6a02f419701fc8c605af71d4fc57a4,10,1,10.00
6806dad1da97bfb5a9038eac6881f706,10,1,10.00
5b2e94f2c22b39ccc24d34ad0f669672,10,1,10.00
2bf6a2c1e71bbd29a4ad64e6d3c3629f,30,3,10.00
1ce3ae5a399804d1a87e706f8a813c3e,40,4,10.00
1690cada046eb7e92c12f98b1f8a8167,10,1,10.00
d7485b33791774c36108f8c69602d48d,10,1,10.00
d3674f271c91f824f82d24d92011f669,20,2,10.00
e8b4225284fbb02d16f200513f1f395d,30,3,10.00
fdaaf5bfda82b7b80535610c831b8d09,10,1,10.00
f5f1f2c5f923f36ad79ea1d07185ddc9,10,1,10.00
fe701d88b67eaca109dffd464d1be9f9,10,1,10.00
620c87c171fb2a6dd6e8bb4dec959fc6,722,72,9.97
de23c3b98a88888289c6f5cc1209054a,161,16,9.94
1d8dbc4f32378d715c717c1c1fc57bae,91,9,9.89
827f8f69dfa529c561901c4f2e0f332f,91,9,9.89
82e0a475a88cc9595229d8029273f045,41,4,9.76
6f892e20a171e98efe17fdb971ff319b,41,4,9.76
c847e075301870dd144a116762eaff9a,41,4,9.76
cd6efc47efaabf134f8bdb654e10b4f1,31,3,9.68
20cb7c2fde3e5bf10f0bbe7394e1c6a9,31,3,9.68
276677b5d08786d5dce7c2149dcce48b,31,3,9.68
5c6d4016c2a288f074fa0848a2b653d2,31,3,9.68
7040e82f899a04d1b434b795a43b4617,208,20,9.62
6a8b085f816a1f75f92dbac6eb545f8f,125,12,9.60
aac29b1b99776be73c3049939652091d,94,9,9.57
c826c40d7b19f62a09e2d7c5e7295ee2,346,33,9.54
bc47d5d1490df2b36add65d733eafaba,21,2,9.52
a5a1bfcf728ab0e19182959cf0771ee4,21,2,9.52
af4a0e4cfe1d9c26b6712b1be25a72e5,21,2,9.52
6b15924333bd1a741595fe981ea04822,21,2,9.52
8e8a7ce9f2f970dc00e2acf6f6e199f6,63,6,9.52
3d5d0dc7073a299e31fa718ce1bc00b6,21,2,9.52
1c40343cc5d18c2d8248ac2f3366de34,21,2,9.52
f4db9b37944bcb8873e6b456ee190bbf,21,2,9.52
f262cbc1c910c83959f849465454ddd3,189,18,9.52
1336efc61c316ddf92c899eb817f7cae,74,7,9.46
6860153b69cc696d5dcfe1cdaaafcf62,74,7,9.46
218d46b86c1881d022bce9c68a7d4b15,382,36,9.42
2745f798279e0ed033addcc1474776d7,32,3,9.38
3340ef1913fb70d28420f6ceb685c339,32,3,9.38
4a3ccda38b2129705f3fb522db62ca31,64,6,9.38
7b0df942f46435babab05d49b744b2c4,32,3,9.38
cbd996ad3c1b7dc71fd0e5f5df9087e2,160,15,9.38
d1c281d3ae149232351cd8c8cc885f0d,214,20,9.35
e067ad2c1c0b48758eb1b5228bcf7a68,54,5,9.26
213b25e6f54661939f11710a6fddb871,152,14,9.21
e5a38146df062edaf55c38afa99e42dc,120,11,9.17
d4910f1cdcfdabd48d6b316e395d4a23,11,1,9.09
f615fe7efbef0f4f08fd3086bc7a3e60,22,2,9.09
fb89df7f89fd1b8f03fa2acca1ba7364,22,2,9.09
236585a4ddb5fea9fa40233e2249ed91,11,1,9.09
1cbd32d00d01bb8087a5eb088612fd9c,11,1,9.09
17908cf9b444ee34047cadd5c0f4a516,11,1,9.09
165b1235e9e9942cb5fae67103576fb0,11,1,9.09
02f623a8eb246f3c5f7c2f96462654e6,44,4,9.09
058cb5aeb36d7c0fcae20fc85d5e0a59,11,1,9.09
4ba52dfeba874da5b9ee7b17c7494f04,11,1,9.09
4be6b962d83299498bae2190f95d6566,11,1,9.09
4677a5437afda5fa7140b927b07be1cc,11,1,9.09
432c37c9dfba871172ec162e20118b8c,44,4,9.09
31ae0774c17fabd06ff707cc5bde005f,11,1,9.09
66fd84ee7528c0c0de85d0f44a73d5ab,11,1,9.09
55f7a3319d80f7fdf078b8f03e6725fe,22,2,9.09
5011f0d93373a4c5753adf58ca77af8d,11,1,9.09
503c1de08ae81a2d86f17951b204db55,22,2,9.09
d05ae8f7a5bd1d2a690a44cd079e4e27,77,7,9.09
cb6c9f5888a7a090c75beaf615925792,11,1,9.09
bc302730ea8cf49b5c74f579febb5bbf,11,1,9.09
c4fabeea6e569d42d02993bb1f4f1cbc,11,1,9.09
c5f7feb04a6a1fb3596322bfc3cf1917,11,1,9.09
9df5750209b83567ec144eb299d7d634,11,1,9.09
7b7f91e98f8c6def45a1407923304402,11,1,9.09
7f2617c58d5d06806987308b45654351,22,2,9.09
6ddc28b61be28373b4503a1f61cf98a9,11,1,9.09
723cd880edaacdb998898b67c8f9da30,11,1,9.09
8ca1551acf9832a4cf467bbbac15851f,11,1,9.09
8e2b3afb420011ef0c88c9d5f11ea526,11,1,9.09
93dc87703c046b603023e75222018b45,33,3,9.09
89f69225956f951295ca4c7fb1266553,11,1,9.09
87b740daf17b5d1be335a64164ec6842,11,1,9.09
98dac6635aee4995d501a3972e047414,89,8,8.99
ce7d1888639e6fb06b2749cbfdac1ff7,78,7,8.97
a420f60ff1aa9acc80d0e42959f2b313,67,6,8.96
b2ba3715d723d245138f291a6fe42594,324,29,8.95
17f51e7198701186712e53a39c564617,56,5,8.93
00ee68308b45bc5e2660cd833c3f81cc,135,12,8.89
fe2032dab1a61af8794248c8196565c9,293,26,8.87
ef506c96320abeedfb894c34db06f478,316,28,8.86
26d8a1c7c75d513045798992ead43aa2,34,3,8.82
5b179e9e8cc7ab6fd113a46ca584da81,34,3,8.82
6a0cbc8af2e8abd1bdfb777943d174c6,34,3,8.82
3be634553519fb6536a03e1358e9fdc7,80,7,8.75
244c2f1bff6afe1f2eaf9bfe9b2aed38,23,2,8.70
157c3e4b42f81ac4a44e8b1ca2fe9876,23,2,8.70
8cc6a0e5738e61a87b03c78b2ba9db4b,23,2,8.70
688756f717c462a206ad854c5027a64a,81,7,8.64
3c7c4a49ec3c6550809089c6a2ca9370,139,12,8.63
7ddcbb64b5bc1ef36ca8c151f6ec77df,325,28,8.62
5d0363b33554b373851fc1622e4d5f3c,93,8,8.60
ef0ace09169ac090589d85746e3e036f,128,11,8.59
e8f6dc8e6a1dcde89d20e3995c8d90b3,35,3,8.57
3ab971ce71839580d2ae5b4e40fe8044,35,3,8.57
6b3bd31ad8fcda4b2635ec9f3ff2ecdf,35,3,8.57
bf84056e679dbe9c69929847a40e338f,35,3,8.57
994f04b3718c2bab35c2adfa8afecd2a,47,4,8.51
17e34d8224d27a541263c4c64b11a56b,247,21,8.50
1d29dfba02015238dfbe2449a5eaa361,12,1,8.33
1d503743d2526f03f0c2c89540ee008c,12,1,8.33
2e13c71026e1a39ba5cc1b86dcb679aa,24,2,8.33
1660ad786c27fd935378b6192a90b417,12,1,8.33
0887a9f087bcd5d9f6642b52f897fc6c,12,1,8.33
004c9cd9d87a3c30c522c48c4fc07416,156,13,8.33
058fd0aa2bfdb2274e05e1ae971dabb6,60,5,8.33
0afccdb8a34ee5c79f7c06faf2b4d56e,24,2,8.33
0a85ebe4e328db81ac9109781205e2f7,12,1,8.33
0747d5bb69f0586cc869d8af4c50f93e,12,1,8.33
32b8764b4ef628b53608fc34011fcc13,36,3,8.33
40db9e9aa57f7bb151bcda6b0f9bdbb7,12,1,8.33
4324dd16853115efb0fd9d0d131ba6f4,12,1,8.33
5d9dc90a686a8fddacffab6bab5653a3,12,1,8.33
56642bcb79900e777d68e91915cb4267,48,4,8.33
99002261c568a84cce14d43fcffb43ea,36,3,8.33
97512d3fc193b2d1dfcdba0f9d1f0f8a,12,1,8.33
985c92cc412091f8529c12d7f23d3fef,12,1,8.33
8476243f92442881ddd5b578975cf115,12,1,8.33
6a51fc556dab5f766ced6fbc860bc613,24,2,8.33
6b333a05bf188ef3e1f1662a86bd9855,12,1,8.33
729b2d09b2a0bdab221076327f13d050,48,4,8.33
7357b52d27cbaa90f81a96cbc1279396,12,1,8.33
c3acdfac4e3e97ff87529454fbc03642,12,1,8.33
bd1d49a326abfa9b1036772e40445430,12,1,8.33
cd3d09fbe6e3e9ff0c0ac0c300e93ae7,12,1,8.33
b83cedfb587e7911540e3f576d6917ce,24,2,8.33
f52c2422904463fdd7741f99045fecb6,12,1,8.33
7142540dd4c91e2237acb7e911c4eba2,316,26,8.23
aced59e9b31ef866a94f9e7f29d8d418,61,5,8.20
4e17c65a516f69d023a2ae78b84f28d6,61,5,8.20
5656537e588803a555b8eb41f07a944b,171,14,8.19
da8622b14eb17ae2831f4ac5b9dab84a,1311,107,8.16
92eb0f42c21942b6552362b9b114707d,334,27,8.08
951e8cef368f09bb3f3d03c00ca4702c,62,5,8.06
715bbd5ba4e6b74cb0d2f29eb45058b0,62,5,8.06
17a053fcb14bd219540cbde0df490be0,124,10,8.06
bd0389da23d89b726abf911cccc54596,87,7,8.05
8e6cc767478edae941d9bd9eb778d77a,100,8,8.00
ed4311e67debd72b8610a5347a743087,25,2,8.00
f7496d659ca9fdaf323c0aae84176632,25,2,8.00
a17f621c590ea0fab3d5d883e1630ec6,63,5,7.94
4c18691b6037662be2df78a765d98ab5,63,5,7.94
4371b634e0efc0e22b09b52907d9d469,101,8,7.92
daeb5653dd96c1b11860f72209795012,38,3,7.89
edb1ef5e36e0c8cd84eb3c9b003e486d,165,13,7.88
e24fc9fcd865784fb25705606fe3dfe7,51,4,7.84
4b9750c8ad28220fe6702d4ecb7c898f,217,17,7.83
42b729f859728f5079499127a9c2ef37,103,8,7.77
955fee9216a65b617aa5c0531780ce60,1261,98,7.77
8f78f0903005064036736c7173a5c2ed,13,1,7.69
8629c241b3622ac12cd4118afdc8d394,13,1,7.69
6a8a889bde935bafa76d7848782dfaf9,26,2,7.69
6e864f5c4669eff3d98140a07cc50202,13,1,7.69
8090490573c6c0aa343a7231ebcb8c86,26,2,7.69
9d7a1d34a5052409006425275ba1c2b4,13,1,7.69
a8739afb32aaa45e01815ca76f76f54b,13,1,7.69
b8555308bfdb4ca1ed54325a58da9a97,26,2,7.69
b94cc9f10ddc85e4ba73a6f7974e7101,39,3,7.69
ccf8813e5a7d6c84d865cd38bfc2b130,26,2,7.69
d101c6da914ae3d53f7bee42283f2fe2,13,1,7.69
caa9bc43a9fe8cf9c564ddd8a03cc4a6,13,1,7.69
4559697a8f7e637227c2eeaed843baff,39,3,7.69
373ee4a3a775a733770ca3f790b8b9ac,13,1,7.69
55a5b51f93f2b70ea513f5a047b0262a,39,3,7.69
624f4ece8da4aafb77699233d480f8ef,52,4,7.69
128f9bfbe4c7d5185033914b1de3d39a,13,1,7.69
0ac4201fda2c68ebc0e47cb9423cf3c9,13,1,7.69
2a7dc43cecabf23403078e2188437d1d,52,4,7.69
df560393f3a51e74553ab94004ba5c87,26,2,7.69
f214d28e8d8e3ef068748498ccc2f813,52,4,7.69
f61c63d13f7cd800549d5acdd390ae72,26,2,7.69
f45122a9ab94eb4f3f8953578bc0c560,184,14,7.61
ccc4bbb5f32a6ab2b7066a4130f114e3,184,14,7.61
1bb2bdb95f4841f1bba2c0d2cd83d3c9,79,6,7.59
70eea00b476a314817cefde4aad4f89a,106,8,7.55
48436dade18ac8b2bce089ec2a041202,134,10,7.46
575df70bde3f9f2b30bf8d2e9910d725,27,2,7.41
271c58a1d139c45eaf3316107c6d3a3b,27,2,7.41
17306570e772e7718c92a562d33f5f1d,27,2,7.41
66922902710d126a0e7d26b0e3805106,150,11,7.33
43f8c9950d11ecd03a0304a49e010da6,41,3,7.32
1554a68530182680ad5c8b042c3ab563,246,18,7.32
7ea5bfa6c340f58f8e71fc1f0412b0d6,96,7,7.29
e9779976487b77c6d4ac45f75ec7afe9,645,47,7.29
f457c46070d02cadd8a68551231220dd,195,14,7.18
e7d5b006eb624f13074497221eb37807,28,2,7.14
e48cc16ab70bfa09e1401740dce0b3d7,14,1,7.14
d2e753bb80b7d4faa77483ed00edc8ca,14,1,7.14
d50d79cb34e38265a8649c383dcffd48,70,5,7.14
7c1fea10b5b006671d608b1d7c446ec4,14,1,7.14
7a241947449cc45dbfda4f9d0798d9d0,56,4,7.14
8a130737016f838139d31878787a39c9,56,4,7.14
980640c45d7a4635885491d077167e4d,14,1,7.14
ce616e1913288884e7742faac9d981db,14,1,7.14
c89cf7c468a48af70aada384e722f9e2,14,1,7.14
c8b0e2b0a7095e5d8219575d5e7e1181,84,6,7.14
b9ca8e8baa5d4aa038394a700f63e69f,14,1,7.14
c013e57c075a06e5b5c48ee03c525719,42,3,7.14
c273175f7c6c80fb02f051e2fc6d0d72,14,1,7.14
b6e1504972665f739dec4facb9943775,14,1,7.14
ad420dd0c4f92f8af951ac24b86d0cf5,42,3,7.14
9bcdfa7b615b3abb9461d9e3ad9886ae,14,1,7.14
2e3be8a987a30d7544dbbda6861cc14e,14,1,7.14
1987cd4be10fe09ee50454f9c354d1c6,14,1,7.14
45d33f715e24d15a6ccf5c17b3a23e3c,56,4,7.14
4992e76a42cb3aad7a7047e0d3d7e729,56,4,7.14
4a1f694197d05fe70026b016a7316b41,14,1,7.14
4de6e4ba574aa9dfdc824bc44dc47fdd,14,1,7.14
5f3ae9136c875522250f8184f253413a,42,3,7.14
5882820ef11c4c068eea0677a7a879b4,14,1,7.14
5a05a16bb50629ee31afab8a6d4c2674,14,1,7.14
5a425cc503b39b262a847fd6212bf53b,14,1,7.14
25c5c91f63607446a97b143d2d535d31,156,11,7.05
d650b663c3b5f6fb392b6326366efa9a,57,4,7.02
640e21a7d01df7614a3b4923e990d40c,115,8,6.96
41b39e28db005d9731d9d485a83b4c38,187,13,6.95
3b15288545f8928d3e65a8f949a28291,101,7,6.93
3361277dc30b7cccdb0c286b24219756,29,2,6.90
0509040ea3fe50071181bbc359eb7738,87,6,6.90
8b2492b7ff4468839593fafeed55bad9,29,2,6.90
8931a84a914b3fe9b1ddaa4d704947ca,29,2,6.90
6d803cb79cc31c41c4c789a75933b3c7,58,4,6.90
d4e12e7884759a14fa0f5f896c791cae,29,2,6.90
e06f09ec0a4aca210779cf1cfc63cf19,29,2,6.90
4830e40640734fc1c52cd21127c341d4,204,14,6.86
a7f13822ceb966b076af67121f87b063,73,5,6.85
2e1c9f22be269ef4643f826c9e650a52,161,11,6.83
08633c14ef2db992c11f840f04fad4cd,74,5,6.76
6560211a19b47992c3666cc44a7e94c0,1819,123,6.76
701938c450705b8ae65fc923b70f35c7,74,5,6.76
7238a95bb63ef7e498389fb863b834a1,15,1,6.67
76ea5315acb3f5f7ade3cd261faf922a,15,1,6.67
87d3c3aeb3ead335511b3ce315eb341e,15,1,6.67
8f54d64f28a993550aa7943f12572959,15,1,6.67
c003204e1ab016dfa150abc119207b24,195,13,6.67
3a734b715d333a2588a3d54a0c9b8746,15,1,6.67
04aba03279157f6d4e0fe8ccaf21963c,15,1,6.67
001cca7ae9ae17fb1caed9dfb1094831,195,13,6.67
2a6fbeaa7ab9e5d59a35841a8da71ce4,30,2,6.67
1b8b75e227c9a9c100d0c210fb6176ce,15,1,6.67
dc4a0fc896dc34b0d5bfec8438291c80,225,15,6.67
f3c38ab652836d21de61fb8314b69182,15,1,6.67
ed8cb7b190ceb6067227478e48cf8dde,15,1,6.67
0adac9fbd9a2b63cccaac4f8756c1ca8,106,7,6.60
fa40cc5b934574b62717c68f3d678b6d,304,20,6.58
116ccb1a1604bc88e4d234a8c23f33de,61,4,6.56
46dc3b2cc0980fb8ec44634e21d2718e,503,33,6.56
b6d44737c043328708f6749c2dbe50bd,61,4,6.56
9b00ed88b7fdb95d6ff76e27c1b52d16,46,3,6.52
8444e55c1f13cd5c179851e5ca5ebd00,92,6,6.52
fdb9095204a334cd8872252ffec6f2db,46,3,6.52
d6b1ce66b035a475f00c017792ff9769,92,6,6.52
59fb871bf6f4522a87ba567b42dafecf,123,8,6.50
f4aba7c0bca51484c30ab7bdc34bcdd1,108,7,6.48
5f1dc28029d2c244352a68107ec2b542,62,4,6.45
4e06067cc08b3f41d837768d392c3ee3,31,2,6.45
05d2173d43ea568aa0540eba70d2ca76,62,4,6.45
850f4f8af5ea87287ac68de36e29107f,186,12,6.45
18a349e75d307f4b4cc646a691ed4216,109,7,6.42
0be8ff43f22e456b4e0371b2245e4d01,156,10,6.41
5b925e1d006e9476d738aa200751b73b,63,4,6.35
96493fab2fbb13a14d0c0e8772eef5c3,63,4,6.35
8a432f4e5b471f8da497d7dc517666e2,95,6,6.32
1b4c3a6f53068f0b6944d2d005c9fc89,111,7,6.31
d91fb3b7d041e83b64a00a3edfb37e4f,524,33,6.30
128639473a139ac0f3e5f5ade55873a5,527,33,6.26
15cd6eefe58588619aaed41dfa6621b1,16,1,6.25
01fdefa7697d26ad920e9e0346d4bd1b,128,8,6.25
232a6014e7b10cba61c6c2b2ea6bb4b0,32,2,6.25
2be17df1c49978426251562096c3cc09,16,1,6.25
5b33b527da3c5b969cc99dc435cad09a,16,1,6.25
8daab2245ebdc277c51098d01c5ad8ef,16,1,6.25
bb5bd94c8f59cc050072d2930c869cac,16,1,6.25
cb3dd9ce66268c7a3ca7241ac70ab58c,48,3,6.25
dbdd0ec73a4817971d962698f2fea022,16,1,6.25
f97e2b0650c2068227e1d366140eb62f,16,1,6.25
fe49ee029e61e789a1f3a5525f57ba8d,16,1,6.25
5dceca129747e92ff8ef7a997dc4f8ca,322,20,6.21
3d871de0142ce09b7081e2b9d1733cb1,1064,66,6.20
1da3aeb70d7989d1e6d9b0e887f97c23,261,16,6.13
cc419e0650a3c5ba77189a1882b7556a,1651,101,6.12
6d66611d7c44cc30ce351abc49a68421,164,10,6.10
8cbac7e12637ed9cffa18c7875207478,66,4,6.06
834f3294fba9f932f56edc879193f925,66,4,6.06
ceaec5548eefc6e23e6607c5435102e7,198,12,6.06
65febd49fd28ec955651299159b1f527,33,2,6.06
dfc5fb7259bb2b599ca565e6e9448f0f,33,2,6.06
79ebd9a61bac3eaf882805ed4ecfa12a,133,8,6.02
cca3071e3e9bb7d12640c9fbe2301306,699,42,6.01
95f83f51203c626648c875dd41874c7f,50,3,6.00
09f952a5f58d2285b0372551ae8f9b01,50,3,6.00
5f2684dab12e59f83bef73ae57724e45,67,4,5.97
7a67c85e85bb2ce8582c35f2203ad736,1145,68,5.94
7202e2ba20579a9bd1acb29e61fe71f6,51,3,5.88
8602a61d680a10a82cceeeda0d99ea3d,17,1,5.88
87d30a6a0cbf89356e49324971ab1d24,17,1,5.88
d06d019f72a04e5497a0b64190af170c,17,1,5.88
bba3293d6f5d5af2f415e004e8b93ae3,17,1,5.88
c12b92bf1c350f3e6bf88d3596219c86,17,1,5.88
9b013e03b2ab786505a1d3b5c0756754,170,10,5.88
63ffcb71394dd8ea3872ed9ffda17c74,17,1,5.88
343e716476e3748b069f980efbaa294e,17,1,5.88
0241d4d5d36f10f80c644447315af0bd,238,14,5.88
e333046ce6517bd8bb510291d44f0130,68,4,5.88
e81e1f9c3e762e620f3fb60a51499e16,17,1,5.88
dbd66278cbfe1aa1000f90a217ca4695,85,5,5.88
da7039f29f90ce5b4846ffc0fcc93beb,17,1,5.88
d354c38a7182125a748cb10474fe963b,17,1,5.88
d25aa0aaacb370e912f8cf6efeba38b3,17,1,5.88
f1ed6bd0a9b11b581f16c851c6a5a527,17,1,5.88
6edacfd9f9074789dad6d62ba7950b9c,205,12,5.85
5a8e7d5003a1f221f9e1d6e411de7c23,137,8,5.84
d2374cbcbb3ca4ab1086534108cc3ab7,514,30,5.84
2ff97219cb8622eaf3cd89b7d9c09824,87,5,5.75
240b9776d844d37535668549a396af32,35,2,5.71
45ba18c210d42734ec52c0c1c574e9ee,35,2,5.71
dc8798cbf453b7e0f98745e396cc5616,35,2,5.71
dd2bdf855a9172734fbc3744021ae9b9,105,6,5.71
537eb890efff034a88679788b647c564,158,9,5.70
a1043bafd471dff536d0c462352beb48,702,40,5.70
2138ccb85b11a4ec1e37afbd1c8eda1f,388,22,5.67
25e6ffe976bd75618accfe16cefcbd0d,106,6,5.66
d9a84e1403de8da0c3aa531d6d108ba6,53,3,5.66
7e93a43ef30c4f03f38b393420bc753a,319,18,5.64
2528513dd95219a6013d4d05176e391a,160,9,5.63
1a3df491d1c4f1589fc2b934ada68bf2,160,9,5.63
53e4c6e0f4312d4d2107a8c9cddf45cd,463,26,5.62
87142160b41353c4e5fca2360caf6f92,305,17,5.57
81a1104df0f08b59c68aa5b03cfe398e,72,4,5.56
7a425d299613df3e613bcf9d2eaf5c49,18,1,5.56
6b536a23086fba0d58c08d68814397f6,18,1,5.56
6aa3928696eab49a19a466e665a649fd,18,1,5.56
b4f8921fcc4ff77b66bea6dda43dcd51,18,1,5.56
c35672b10ad50968f567ea3f4b91e877,18,1,5.56
d03698c2efd04a549382afa6623e27fb,18,1,5.56
63b464dbf392c7b80d12d932fa7cafed,36,2,5.56
33c51922b6e3c16b24a8f28e5833c99d,18,1,5.56
1fdc574883ef3b33ad41562d93f3a74a,18,1,5.56
30829ded4523ab9224b93bc49a62c95f,18,1,5.56
1354d51653f645349064725ed204e85e,18,1,5.56
0c8380b62e38e8a1e6adbeba7eb9688c,180,10,5.56
dfc475d54e1b6dbeeb7d7d9bdaa63827,18,1,5.56
f4c4daa86e30c7e5a553a8d518ac03a5,18,1,5.56
f4a04f7be452aa3bb31760bf00055dd0,18,1,5.56
fbc14c0cf93505ef89f64665ffa4a7b5,18,1,5.56
1c129092bf23f28a5930387c980c0dfc,200,11,5.50
7d456afc660226829370f3173d14520c,55,3,5.45
dc317f341ab0e22f39acbd9dbf9b4a1f,55,3,5.45
dee656f0f566ed1aa85bd137c943f08f,92,5,5.43
516e7738bd8f735ac19a010ee5450d8d,74,4,5.41
3bdff180c7e1f6551a643b99c265a120,56,3,5.36
3078096983cf766a32a06257648502d1,56,3,5.36
8f119a0aee85c0c8fc534629734e94fd,75,4,5.33
75fbb52eda0cbc24f479d3b2fbfa8d3e,38,2,5.26
c33847515fa6305ce6feb1e818569f13,114,6,5.26
bfd27a966d91cfaafdb25d076585f0da,114,6,5.26
ba90964cff9b9e0e6f32b23b82465f7b,38,2,5.26
1f9ab4708f3056ede07124aad39a2554,76,4,5.26
05ff92fedb5be47920fea08e501238b9,57,3,5.26
430315b7bb4b6e4b3c978f9dfa9b0558,19,1,5.26
52d76513f0c4d97f3b99570e2c94ee31,19,1,5.26
d9442042130b7fe579d1295f9f4a248f,19,1,5.26
e24d3429d294b2eb200b064ebb035879,19,1,5.26
e5475dcab1e07b63d7f6e902d8f5eda8,19,1,5.26
e84ad2127668df3aafc6b73531a0beb8,19,1,5.26
eb5b6204dde3a6e03b5f1bb8479f055b,19,1,5.26
f5b44895715ddfe3087dc414f30268f3,19,1,5.26
813348c996469b40f2e028d5429d3495,172,9,5.23
670c26e0f1bf8d0576271d5cfaec6d2b,77,4,5.19
f80edd2c5aaa505cc4b0a3b219abf4b8,116,6,5.17
f8db351d8c4c4c22c6835c19a46f01b0,659,34,5.16
113e3a788b935f48aad63e1c41dac1bd,39,2,5.13
d1b65fc7debc3361ea86b5f14c68d2e2,39,2,5.13
282f23a9769b2690c5dda22e316f9941,98,5,5.10
9f505651f4a6abe901a56cdc21508025,393,20,5.09
01cf7e3d21494c41fb86034f2e714fa1,59,3,5.08
f7720c4fa8e3aba4546301ab80ea1f1b,59,3,5.08
e8b3a3a38279a82f0e5d006d5e5b7d2c,80,4,5.00
1fe5540d7c1c37a595fefbacd5570d9e,20,1,5.00
20d83f3ef0e6925fd74bfd59170babf7,40,2,5.00
1d4587203296c8f4ad134dc286fa6db0,40,2,5.00
6288c69c4ce638e59925e59193f98b16,20,1,5.00
542917da124346b47ea1ac79a93ce454,20,1,5.00
a2e874074c877c5a05abae80ad6e488f,40,2,5.00
b56906f7fd1696e043f1bcce164c487b,40,2,5.00
82bd0703a4aefd6b599e5bfdaed378fb,20,1,5.00
83deb69e889cf80f82be1dc6d5f2d486,40,2,5.00
808d4348b916efa08e766ebad39f61eb,20,1,5.00
4d6d651bd7684af3fffabd5f08d12e5a,363,18,4.96
7178f9f4dd81dcef02f62acdf8151e01,202,10,4.95
4e7c18b98d84e05cbae3ff0ff03846c2,81,4,4.94
1e8b33f18b4f7598d87f5cbee2282cc2,122,6,4.92
0c7533c71df861ec58ad7ff999ed0e8d,61,3,4.92
cce6ab8d1682639fe45ab70234f1665f,61,3,4.92
7008613ea464bad5cb9b83456e1e6a8f,123,6,4.88
7dc8c42cc750eeafea6c85712ffee9bf,41,2,4.88
e63e8bfa530fb16910dd6956e592bb81,41,2,4.88
00fc707aaaad2d31347cf883cd2dfe10,103,5,4.85
1838dd9b8977065acf51d95e0053ea7a,62,3,4.84
7299e27ed73d2ad986de7f7c77d919fa,335,16,4.78
a3a38f4affed601eb87a97788c949667,251,12,4.78
af3ef48d0e13835e529c29ac573c63e5,21,1,4.76
7c5b05cbdb5542049f38d90d7815b97d,21,1,4.76
9596c870880d900012f2e8e6e30d06d7,21,1,4.76
31344c16881c08a8a72c6d2eb29918c1,42,2,4.76
412a4720f3e9431b4afa1476a1acddbe,21,1,4.76
36a968b544695394e4e9d7572688598f,148,7,4.73
febab0275244b9a49a623f0bd613ca2f,106,5,4.72
e0a366315b1b726b6c7832d664c0f530,43,2,4.65
aafe36600ce604f205b86b5084d3d767,129,6,4.65
b39d7fe263ef469605dbb32608aee0af,43,2,4.65
cd06602b43d8800bd0afad514919d35c,43,2,4.65
bd23da7354813347129d751591d1a6e2,86,4,4.65
710e3548e02bc1d2831dfc4f1b5b14d4,131,6,4.58
730937bf88cb151eb2eb849f642fc213,22,1,4.55
8fdca8e349553f99bc738833a62c8802,22,1,4.55
c66dccfb3f109511246da627dd5a2498,44,2,4.55
b32be1695eb7ec5f10f72d9610a12527,44,2,4.55
abcd2cb37d46c2c8fb1bf071c859fc5b,44,2,4.55
4200ddf1967c5e41e48db62bc6d4b5ac,22,1,4.55
5670f4db5b62c43d542e1b2d56b0cf7c,22,1,4.55
2b1a40c1daabc6ca280c4b815c101841,22,1,4.55
093805f8f2aeb63881444571e1f48f30,22,1,4.55
0d33a55da925bbf1ff02af5f6059fc7f,22,1,4.55
df56d7b40d437f88407c5f78b63bc328,22,1,4.55
f789d2c4f2c2eb38fc4373e7a4b35264,44,2,4.55
f0837c8d71434931d9e38e7b79234797,22,1,4.55
de722cd6dad950a92b7d4f82673f8833,337,15,4.45
afe0067131b73e40875c9b6c10bd2e21,45,2,4.44
870d0118f7a9d85960f29ad89d5d989a,45,2,4.44
6b90f847357d8981edd79a1eb1bf0acb,45,2,4.44
94144541854e298c2d976cb893b81343,68,3,4.41
ca3bd7cd9f149df75950150d010fe4a2,68,3,4.41
7b07b3c7487f0ea825fc6df75abd658b,91,4,4.40
10076e5788b8ee532724bcd460baf762,23,1,4.35
6426d21aca402a131fc0a5d0960a3c90,23,1,4.35
669ae81880e08f269a64487cfb287169,161,7,4.35
4b5f66b7adcf57f1ecc0d3c07dd6b177,23,1,4.35
381c83fdca332ea6afd896da20bf6e4a,46,2,4.35
d624126b9206f595fb3fbb6ba03b28a8,23,1,4.35
53243585a1d6dc2643021fd1853d8905,348,15,4.31
2199e7fe213c16213bf5d6a7eadc9a5d,24,1,4.17
80e6699fe29150b372a0c8a1ebf7dcc8,96,4,4.17
cea729054f157f5870bdd321a958d994,24,1,4.17
a3f0b55de503387383c7b1de3ad7f678,24,1,4.17
a938325a4b357fd23a6a4d5bb126408e,24,1,4.17
9de4643a8dbde634fe55621059d92273,72,3,4.17
9d4db00d65d7760644ac0c14edb5fd86,97,4,4.12
9e6229250fedbe05838fef417b74e7fb,73,3,4.11
080102cd0a76b09e0dcf55fcacc60e05,122,5,4.10
138dbe45fc62f1e244378131a6801526,49,2,4.08
25cf099de44674fde97473224f9d59ab,50,2,4.00
d94a40fd42351c259927028d163af842,100,4,4.00
dfa0c4c6229ab200a4a1336b4d7128ff,77,3,3.90
e883aa812c37a7413226856f4579fe91,26,1,3.85
4bfc7a4a1cf8d4d2121c27422d9e50b5,26,1,3.85
6b243f80ed07b10f0e8aa0f21a205f3c,79,3,3.80
0db783cfcd3b73998abc6e10e59a102f,132,5,3.79
6c177e38df6d3f34182b1f1d427231bf,53,2,3.77
750303a20e9c56b2a6bc45cdce0b897d,53,2,3.77
95ec4458365c4d11f452ccf538377619,27,1,3.70
cc3d14116804f7209f3884f6367f1152,27,1,3.70
cac876b37d3abcd6bd76caca30277996,27,1,3.70
0885aaf116795758dfeb5f1032487bcd,27,1,3.70
062ce95fa2ad4dfaedfc79260130565f,54,2,3.70
38e679b9e0064cd94c6f035707344dae,27,1,3.70
5f5b43b2bffa8656e4bc6efeb13cc649,27,1,3.70
5b67882648febfb6e1225e6ad7164f6b,27,1,3.70
dbb9b48c841a0e39e21f98e1a6b2ec3e,108,4,3.70
ffc470761de7d0232558ba5e786e57b7,27,1,3.70
db4350fd57ae30082dec7acbaacc17f9,136,5,3.68
0b90b6df587eb83608a64ea8b390cf07,163,6,3.68
0432ead42b6c8a0bdf68154add917fdf,82,3,3.66
ebd2d60905fb58271facef5596b620d3,82,3,3.66
eeb6de78f79159600292e314a77cbd18,82,3,3.66
85d9eb9ddc5d00ca9336a2219c97bb13,499,18,3.61
817245bcc3badd82bbd222e0366951a6,28,1,3.57
9674754b5a0cb32b638cec001178f799,84,3,3.57
1771297ac436903d1dd6b0e9279aa505,28,1,3.57
6061155addc1e54b4cfb51c1c2a32ad8,28,1,3.57
d379f449f2a3b271bc01c0782020f705,28,1,3.57
562fc2f2c2863ab7e79a9e4388a58a14,255,9,3.53
44073f8b7e41514de3b7815dd0237f4f,142,5,3.52
1c68394e931a64f90ea236c5ea590300,142,5,3.52
376a891762bbdecbc02b4b6adec3fdda,57,2,3.51
95e03ca3d4146e4011985981aeb959b9,172,6,3.49
c864036feaab8c1659f65ea4faebe1da,58,2,3.45
4bf2f4ee540798a61f9636d12cd9cc80,29,1,3.45
4ebdc7e6cd6102a022dadc49156d4ea8,29,1,3.45
609e1a9a6c2539919b8205cf7c4e6ff0,87,3,3.45
1b938a7ec6ac5061a66a3766e0e75f90,29,1,3.45
1464afc72f696af775557a821c2e253f,29,1,3.45
0bb738e4d789e63e2267697c42d35a2d,29,1,3.45
c6bda72e4dbf5c5866b13cb1810c6d03,59,2,3.39
fcb5ace8bcc92f75707dc0f01a27d269,59,2,3.39
5cf13accae3222c70a9cac40818ae839,148,5,3.38
86ccac0b835037332a596a33b6949ee1,178,6,3.37
974cf2cb8f4b7add98709c30df02fe10,30,1,3.33
91f848e9f4be368f4318775aac733370,60,2,3.33
709e16e2b25c7474d980076c6bfc4806,60,2,3.33
c8b3445d737de6befde0c88ede534a5e,30,1,3.33
b335c59ab742f751a85db9c411a86739,30,1,3.33
3c487ae8f8d7542beff5788e2e0aea83,30,1,3.33
02f5837340d7eb4f653d676c7256523a,30,1,3.33
d57e18d5f73c7ccb7f7339b61166898d,61,2,3.28
f00e21b1e91a79653163b7fd8f293ff1,31,1,3.23
01fd077212124329bac32490e8ef80d9,31,1,3.23
18e694e0e48ed6f7aa3f24aade5fd697,31,1,3.23
2a84855fd20af891be03bc5924d2b453,155,5,3.23
33576ec5412fb5905d876f12f33bfde6,31,1,3.23
4917cee8d902e13428c3ec4b1ca6f315,31,1,3.23
5d3bb11474a06bdc23fb9e89f1164ee0,31,1,3.23
b92e3c8f9738272ff7c59e111e108d7c,62,2,3.23
72c5da29406b4234927b81855e7b64f6,31,1,3.23
ff063b022a9a0aab91bad2c9088760b7,94,3,3.19
b76dba6c951ab00dc4edf0a1aa88037e,157,5,3.18
8a32e327fe2c1b3511609d81aaf9f042,126,4,3.17
520b493b57809f446cb0a233bb3e25c7,63,2,3.17
6481e96574816ead57975da2c0f6d80d,32,1,3.13
3c4e0452bff7a2a788179488d3d77032,32,1,3.13
76d64c4aca3a7baf218bf93ef7fa768d,64,2,3.13
fad44952713764836814be105382aee5,32,1,3.13
ed4acab38528488b65a9a9c603ff024a,32,1,3.13
ea67327e24487bdfac5fbfa37ea124df,32,1,3.13
d566c37fa119d5e66c4e9052e83ee4ea,65,2,3.08
5c243662ce92d84573bfaff24c3e3700,98,3,3.06
5160d23075764e18e07c1f4a87fad743,33,1,3.03
48162d548f5b1b11b9d29d1e01f75a61,66,2,3.03
066a6914e1ebf3ea95a216c73a986b91,66,2,3.03
8bd0f31cf0a614c658f6763bd02dea69,33,1,3.03
b839e41795b7f3ad94cc2014a52f6796,33,1,3.03
cc5a78bbad32776dc4e3af205218368c,33,1,3.03
7722b1df1b0e383e000397b2c11e3e19,133,4,3.01
966cb4760537b1404caedd472cc610a5,67,2,2.99
ac3508719a1d8f5b7614b798f70af136,101,3,2.97
a3dd39f583bc80bd8c5901c95878921e,34,1,2.94
42bde9fef835393bb8a8849cb6b7f245,34,1,2.94
9646c3513289980f17226a2fc4720dbd,69,2,2.90
aaed1309374718fdd995ee4c58c9dfcd,104,3,2.88
bf3c6d2a28b2b5501e6c15448982dcc9,35,1,2.86
fde0cc9ea29c8ccfc0a2c22256a58c71,35,1,2.86
30a2f535bb48308f991d0b9ad4a8c4bb,71,2,2.82
31561f325664a8a7aba4c8d0c3a9b3db,36,1,2.78
3586b8580d9c917874e053a1bb37b5ff,36,1,2.78
66dc1b1632bd6a3e508510c5b3492107,36,1,2.78
1127b7f2594683f2510f1c2c834a486b,110,3,2.73
594f9aaa48e5bf431f011ddc5669b0d5,37,1,2.70
96804ea39d96eb908e7c3afdb671bb9e,37,1,2.70
7f7b8245c336066a1f9933c359f11d77,38,1,2.63
bacb1f0ed56ad24198f5810d2b3fe9a5,38,1,2.63
5a93f3ab0ef4c84ed5e1b5dbf23978bc,38,1,2.63
d66c305afaec317ebee552073a674429,38,1,2.63
17ca9b9e9b9ef8fdb529001b49ebb50f,115,3,2.61
37be5a7c751166fbc5f8ccba4119e043,269,7,2.60
d23019c84ffae2d5ef2270367b8605fc,39,1,2.56
dbc22125167c298ef99da25668e1011f,394,10,2.54
e26901d5ab434ce92fd9b5c256820a4e,197,5,2.54
080199a181c46c657dc5aa235411be3b,79,2,2.53
c3cfdc648177fdbbbb35635a37472c53,278,7,2.52
cab85505710c7cb9b720bceb52b01cee,201,5,2.49
ce27a3cc3c8cc1ea79d11e561e9bebb6,122,3,2.46
9add47bf45ce8e8c7db6b9cf670b1e09,41,1,2.44
8bb48dc19fccaa8613b6229bf7f452a2,82,2,2.44
b410bdd36d5db7a65dcd42b7ead933b8,42,1,2.38
3d8fa2f5b647373c8620330c4e077a9f,42,1,2.38
d98eec89afa3380e14463da2aabaea72,168,4,2.38
3f995f07c49d0d55a99d5c54957f7d81,43,1,2.33
33a17d60c64393351ebf1ef860f4e0f2,43,1,2.33
58f1a6197ed863543e0136bdedb3fce2,44,1,2.27
06e5eefc71ec47ae763c5c6f8db7064f,90,2,2.22
c68fb906c8f4b4b946d8386bfa6e5467,45,1,2.22
b8bc237ba3788b23da09c0f1f3a3288c,45,1,2.22
bccf933e006e9b94a6184af782963e77,45,1,2.22
f680f85bee2d253556ac91be391d2c82,45,1,2.22
259f7b5e6e482c230e5bfaa670b6bb8f,136,3,2.21
2a5b78b41cd05baeac8df54c6606b92c,46,1,2.17
83e197e95a1bbabc8c75e883ed016c47,46,1,2.17
efcd8d2104f1a05d028af7bad20d974b,46,1,2.17
0691148aee60ca47977c187804f935ae,47,1,2.13
b4ffb71f0cb1b1c3d63fad021ecf93e1,143,3,2.10
0ef83d7d83ed97cd2a0049ac8be5f88a,48,1,2.08
4c03b9dd4c11ee2cb35c96c49efc9420,48,1,2.08
6cd68b3ed6d59aaa9fece558ad360c0a,149,3,2.01
751bdc4d83a466c7206cd42e8f426b03,51,1,1.96
b1a81260566c1bac3114a6d124413f27,51,1,1.96
33a6f4b1e7cdc205511e76ba1b6e0186,105,2,1.90
a5cba26a62b8b4d0145b68b841e62e7f,53,1,1.89
612170e34b97004b3ba37eae81836b4c,107,2,1.87
2dee2ce60de9709b1a24083217181a1f,54,1,1.85
289cdb325fb7e7f891c38608bf9e0962,109,2,1.83
1b8356dabde1d35e17cef975c3f82730,55,1,1.82
6c7d50c24b3ccd2fd83b44d8bb34e073,112,2,1.79
0ea22c1cfbdc755f86b9b54b39c16043,234,4,1.71
229c3efbfb0ea2058de4ccdfbc3d784a,118,2,1.69
582d4f8675b945722eda7c0cb61ba4c7,59,1,1.69
8ae520247981aa06bc94abddf5f46d34,65,1,1.54
9d5a9018aee56acb367ba9c3f05d1d6a,66,1,1.52
cb8bcce248bb1fb274ba762d8b971456,66,1,1.52
12b9676b00f60f3b700e83af21824c0e,133,2,1.50
822166ed1e47908f7cfb49946d03c726,69,1,1.45
d12c926d74ceff0a90a21184466ce161,76,1,1.32
d921b68bf747894be13a97ae52b0f386,77,1,1.30
744dac408745240a2c2528fb1b6028f3,78,1,1.28
0df3984f9dfb3d49ac6366acbd3bbb85,86,1,1.16
725c32fa80c2faacc4fc88450d27314e,89,1,1.12
530ec6109d11eaaf87999465c6afee01,94,1,1.06
8c16d1f32a54d92897cc437244442e1b,108,1,0.93
0bae85eb84b9fb3bd773911e89288d54,136,1,0.74
